scaffold,start,end,mid,sites,pi_roumanicus,pi_europaeus,dxy_roumanicus_europaeus,Fst_roumanicus_europaeus
NW_006803924.1,67777,2904145,1666024,160,0.0692,0.1042,0.414,0.658
NW_006803924.1,2913589,6002383,4336256,154,0.0577,0.0863,0.4446,0.725
NW_006803924.1,6020310,8258811,7083574,120,0.0593,0.1114,0.3941,0.6528
NW_006803924.1,8284493,10936046,9472881,138,0.0401,0.0713,0.4935,0.8025
NW_006803924.1,10939371,12772149,11813711,112,0.0444,0.0663,0.4193,0.77
NW_006803924.1,12775373,14831481,13820508,123,0.0846,0.0956,0.3581,0.5966
NW_006803924.1,14890279,17417470,16195332,146,0.0536,0.0761,0.4394,0.7455
NW_006803925.1,750,3004198,1607808,143,0.0575,0.0658,0.3856,0.7234
NW_006803925.1,3008131,6284291,4599351,157,0.0701,0.0922,0.4113,0.6721
NW_006803925.1,6298364,9372851,7937717,160,0.0675,0.0915,0.3813,0.6573
NW_006803925.1,9391691,12744898,11009505,179,0.0721,0.1169,0.3806,0.6084
NW_006803926.1,108017,2314848,1197261,116,0.051,0.0872,0.439,0.7339
NW_006803926.1,2317819,4997986,3653524,136,0.0688,0.0774,0.5,0.7437
NW_006803926.1,5005107,7255547,6219189,152,0.0517,0.0819,0.465,0.7533
NW_006803926.1,7275431,9948698,8697727,138,0.0749,0.0861,0.43,0.6836
NW_006803926.1,9955390,12126646,11050770,133,0.0849,0.0765,0.4013,0.6593
NW_006803926.1,12206504,14799566,13426530,148,0.0615,0.0787,0.311,0.6332
NW_006803927.1,26868,2750486,1420966,126,0.0805,0.0977,0.3267,0.5715
NW_006803927.1,2765116,4834904,3903599,125,0.0844,0.0823,0.4568,0.6874
NW_006803927.1,4847902,6956070,5843325,125,0.0552,0.1093,0.3407,0.6213
NW_006803927.1,7016729,9001039,8054962,120,0.0621,0.0886,0.3792,0.6716
NW_006803927.1,9012173,11962728,10439104,137,0.0632,0.0655,0.3486,0.6853
NW_006803927.1,11999220,14909625,13434785,165,0.0705,0.1256,0.3668,0.5864
NW_006803928.1,1627,2487121,1175580,129,0.0691,0.1018,0.3666,0.6261
NW_006803928.1,2563799,5261812,3892060,138,0.0381,0.0879,0.3973,0.7373
NW_006803928.1,5275142,8312147,6827863,137,0.0861,0.0814,0.4412,0.6762
NW_006803928.1,8368344,10460154,9341431,109,0.0572,0.0944,0.4748,0.7301
NW_006803928.1,10562112,13563595,11959278,157,0.0811,0.0773,0.3783,0.6489
NW_006803929.1,3954,2174834,1157716,123,0.0778,0.0824,0.4408,0.6899
NW_006803929.1,2208384,5414430,3796846,128,0.0531,0.0902,0.4229,0.7164
NW_006803929.1,5437676,8505673,6817580,146,0.081,0.1024,0.3571,0.5923
NW_006803929.1,8572776,10739692,9680351,119,0.0611,0.0798,0.3784,0.6877
NW_006803930.1,14512,2928216,1587462,178,0.0885,0.1253,0.3771,0.5616
NW_006803930.1,3020688,6047801,4650414,166,0.0945,0.1129,0.3823,0.5731
NW_006803930.1,6053873,8430794,7268076,142,0.0662,0.1064,0.3178,0.5789
NW_006803930.1,8453869,11458521,9988935,149,0.0811,0.0893,0.3383,0.5956
NW_006803931.1,4343,2417177,1205162,127,0.0737,0.0942,0.4161,0.6654
NW_006803931.1,2430418,4642578,3620644,136,0.0714,0.0915,0.3905,0.656
NW_006803931.1,4666511,7419615,6055947,136,0.0574,0.0881,0.4855,0.7435
NW_006803931.1,7447927,9724953,8544495,132,0.0513,0.0719,0.476,0.7732
NW_006803932.1,51795,2398265,1224112,129,0.0656,0.0576,0.429,0.7436
NW_006803932.1,2402256,4415342,3417441,122,0.0469,0.1034,0.3622,0.6679
NW_006803932.1,4424936,6440373,5422734,117,0.0649,0.0821,0.4323,0.7103
NW_006803932.1,6483776,8514998,7536183,122,0.0568,0.1138,0.3988,0.6575
NW_006803932.1,8518587,10943236,9718368,141,0.0991,0.0847,0.4062,0.624
NW_006803933.1,17114,2316318,1209050,125,0.0653,0.0786,0.4635,0.7311
NW_006803933.1,2345670,5803219,4086593,169,0.0537,0.1103,0.431,0.6903
NW_006803933.1,5833677,8408055,7179140,135,0.0688,0.0879,0.4166,0.6844
NW_006803933.1,8414390,10883317,9572645,142,0.0625,0.0992,0.3862,0.6592
NW_006803934.1,783,2588320,1393746,155,0.0719,0.0983,0.4321,0.6733
NW_006803934.1,2606359,5689147,4093363,162,0.0732,0.0851,0.4047,0.672
NW_006803934.1,5719188,7946442,6800107,117,0.0497,0.0941,0.4646,0.7397
NW_006803934.1,7964414,10519328,9148932,155,0.0743,0.0719,0.461,0.7224
NW_006803935.1,45575,2949307,1496106,105,0.0614,0.1046,0.4101,0.6701
NW_006803935.1,2980945,5374545,4279517,109,0.0712,0.0839,0.391,0.6685
NW_006803935.1,5381527,8180202,6867944,123,0.0478,0.0815,0.4297,0.7442
NW_006803935.1,8182227,11029933,9646057,113,0.0733,0.1244,0.4037,0.6138
NW_006803936.1,7117,2882325,1312655,140,0.0508,0.1166,0.4644,0.7061
NW_006803936.1,2900502,5598469,4267062,121,0.041,0.094,0.4449,0.7472
NW_006803936.1,5641345,7842253,6693124,136,0.04,0.0904,0.4669,0.7648
NW_006803936.1,7861216,10116911,8910986,131,0.0511,0.1028,0.4601,0.7224
NW_006803937.1,31308,3319823,1724635,142,0.0677,0.0919,0.4054,0.6733
NW_006803937.1,3329078,6215100,4816310,154,0.0603,0.0849,0.5016,0.7497
NW_006803937.1,6220671,9265360,7721263,147,0.0581,0.1013,0.5067,0.7344
NW_006803938.1,2901,2807331,1497637,134,0.1033,0.0734,0.4206,0.6422
NW_006803938.1,2819860,5510905,4224330,115,0.0553,0.0754,0.4521,0.7493
NW_006803938.1,5516578,8486800,6935122,137,0.0695,0.0749,0.4396,0.7157
NW_006803939.1,23111,2118779,984691,102,0.0521,0.0837,0.4335,0.734
NW_006803939.1,2122936,4913926,3627189,149,0.0637,0.0855,0.4147,0.6971
NW_006803939.1,4917044,7301046,6117810,122,0.0443,0.0921,0.4111,0.7248
NW_006803939.1,7414272,9674924,8553816,132,0.0621,0.0862,0.3315,0.6372
NW_006803940.1,27664,2627860,1282024,157,0.085,0.097,0.4533,0.6646
NW_006803940.1,2640523,4564784,3586945,116,0.0723,0.0783,0.4294,0.6996
NW_006803940.1,4585365,6851636,5720994,126,0.0762,0.0883,0.3874,0.6489
NW_006803940.1,6857111,9378724,8089356,145,0.058,0.0723,0.4419,0.7436
NW_006803941.1,54718,3405759,1656779,168,0.067,0.1087,0.4062,0.6503
NW_006803941.1,3426095,5999998,4785800,143,0.0598,0.1159,0.3916,0.6431
NW_006803941.1,6020211,8401491,7282257,139,0.0806,0.1262,0.3579,0.5574
NW_006803942.1,100232,3239578,1539147,149,0.0653,0.1066,0.4439,0.6813
NW_006803942.1,3245152,6449732,4758996,131,0.0496,0.087,0.398,0.7139
NW_006803942.1,6450000,8842215,7659759,134,0.0706,0.1026,0.3829,0.6349
NW_006803943.1,138087,3093394,1575096,147,0.0694,0.0959,0.3349,0.6071
NW_006803943.1,3127331,5028459,4067677,112,0.0804,0.1171,0.344,0.558
NW_006803943.1,5048940,7273257,6185651,114,0.048,0.0802,0.3678,0.709
NW_006803944.1,37523,2953046,1516695,168,0.0757,0.0939,0.4291,0.6705
NW_006803944.1,2970530,5542961,4327490,125,0.0534,0.1003,0.3768,0.6697
NW_006803944.1,5567802,8352232,6898845,121,0.0305,0.0854,0.5144,0.8086
NW_006803945.1,27319,3774653,1816948,143,0.0483,0.1013,0.4573,0.7284
NW_006803945.1,3780325,6479129,5284409,129,0.0555,0.071,0.3797,0.7153
NW_006803945.1,6523221,9027440,7794517,123,0.0493,0.1093,0.4718,0.7228
NW_006803946.1,24807,2457489,1129500,144,0.0557,0.1065,0.4166,0.683
NW_006803946.1,2484015,4828291,3640039,128,0.084,0.0943,0.419,0.6476
NW_006803946.1,4842323,7572464,6167797,135,0.0808,0.0905,0.3793,0.63
NW_006803947.1,7975,2694876,1471612,127,0.0404,0.0916,0.4747,0.7656
NW_006803947.1,2714476,5670455,4100913,152,0.0461,0.0959,0.4778,0.7502
NW_006803947.1,5737973,8450788,7048340,138,0.0586,0.0958,0.4751,0.7258
NW_006803948.1,44517,2457571,1254576,139,0.073,0.1162,0.4281,0.6436
NW_006803948.1,2459680,4827145,3582610,127,0.1016,0.1157,0.3645,0.5396
NW_006803948.1,4859408,7295627,6169475,152,0.0899,0.1094,0.3299,0.5362
NW_006803949.1,78324,2849799,1383179,129,0.0515,0.0725,0.3976,0.7328
NW_006803949.1,2867514,6082571,4452353,132,0.0496,0.0691,0.4152,0.7523
NW_006803950.1,87178,2681892,1477036,113,0.0632,0.07,0.4355,0.7332
NW_006803950.1,2701370,5008170,4005208,134,0.0919,0.1065,0.3722,0.5782
NW_006803950.1,5063823,7417230,6160837,150,0.0689,0.1153,0.4453,0.6636
NW_006803951.1,12779,1895707,1031764,135,0.0666,0.0707,0.4122,0.712
NW_006803951.1,1930618,5072731,3282677,141,0.0603,0.1003,0.4474,0.7016
NW_006803951.1,5079771,7078137,6077180,116,0.0546,0.0992,0.4262,0.7017
NW_006803953.1,22572,2896877,1425196,117,0.0583,0.0897,0.4242,0.7074
NW_006803953.1,2899018,5958574,4569423,133,0.0614,0.1008,0.4696,0.711
NW_006803953.1,5966271,8497588,7219682,122,0.0354,0.1127,0.4979,0.7561
NW_006803954.1,14999,2716428,1337080,131,0.0451,0.0974,0.4529,0.7379
NW_006803954.1,2721781,5811867,4254199,131,0.0703,0.0932,0.4938,0.7176
NW_006803955.1,188,2819745,1468525,120,0.0544,0.1024,0.4411,0.7064
NW_006803955.1,2822855,5455822,4076401,125,0.0517,0.0863,0.4284,0.7282
NW_006803955.1,5469488,7934759,6759730,141,0.0813,0.0786,0.4132,0.6714
NW_006803956.1,43648,2923262,1551720,137,0.0689,0.0694,0.3831,0.6906
NW_006803956.1,2923546,5188312,4115972,114,0.0328,0.0677,0.4552,0.8084
NW_006803956.1,5189222,7383098,6280193,115,0.0838,0.0968,0.3167,0.5552
NW_006803957.1,26235,1901836,936623,109,0.0724,0.1,0.4617,0.6879
NW_006803957.1,1905640,5192939,3447148,163,0.0667,0.0916,0.4435,0.6996
NW_006803957.1,5204505,7725457,6523872,115,0.0654,0.0765,0.4199,0.7102
NW_006803958.1,20835,2728604,1357683,125,0.0495,0.0991,0.4436,0.722
NW_006803958.1,2750147,5004802,4084650,119,0.0493,0.0703,0.4543,0.77
NW_006803958.1,5039159,7213767,6035915,116,0.0636,0.0795,0.4102,0.7037
NW_006803959.1,54095,3307157,1759902,169,0.0745,0.0897,0.4344,0.6821
NW_006803959.1,3334170,6287328,4791271,140,0.0703,0.1009,0.4101,0.6581
NW_006803960.1,19578,3835179,1955524,150,0.0498,0.0907,0.4733,0.7484
NW_006803960.1,3923121,6545459,5183483,132,0.0685,0.0959,0.425,0.6786
NW_006803961.1,29145,2922881,1538538,162,0.0535,0.1051,0.4994,0.7343
NW_006803961.1,2929171,5279924,3992103,122,0.0921,0.1195,0.3416,0.5286
NW_006803962.1,63526,2510624,1283470,154,0.076,0.0952,0.361,0.6174
NW_006803962.1,2523132,5157881,3812083,146,0.068,0.0826,0.4748,0.7262
NW_006803962.1,5163520,6995494,6063917,113,0.0469,0.098,0.4957,0.754
NW_006803963.1,22639,2390781,1317318,153,0.0815,0.1092,0.4214,0.6331
NW_006803963.1,2464602,5818098,4087979,164,0.0955,0.1054,0.4067,0.6019
NW_006803964.1,8737,2331159,1248497,131,0.0624,0.0956,0.4566,0.7093
NW_006803964.1,2342036,4711830,3586565,134,0.0803,0.0938,0.3205,0.572
NW_006803964.1,4809339,6786703,5830546,124,0.0848,0.0926,0.3559,0.5988
NW_006803965.1,2384,2812989,1208859,141,0.0528,0.0834,0.4586,0.746
NW_006803965.1,2852167,4767619,3867274,99,0.0383,0.0816,0.4682,0.7815
NW_006803966.1,879,1847689,920026,111,0.065,0.0907,0.3826,0.6648
NW_006803966.1,1867831,4940525,3476211,124,0.1075,0.0682,0.3684,0.6016
NW_006803966.1,4940849,7100220,5937537,120,0.0542,0.082,0.4207,0.7254
NW_006803967.1,882,2213824,1159760,125,0.0853,0.099,0.4065,0.6295
NW_006803967.1,2291184,4096191,3195401,104,0.05,0.0916,0.4341,0.7269
NW_006803967.1,4101787,6445843,5279495,145,0.116,0.1032,0.3516,0.518
NW_006803968.1,47922,2400233,1229894,126,0.0693,0.0964,0.4312,0.6803
NW_006803968.1,2416364,4548265,3414455,110,0.0564,0.0925,0.5118,0.7511
NW_006803968.1,4563361,6347272,5420317,111,0.0525,0.1159,0.4304,0.6842
NW_006803969.1,36594,3372543,1801077,142,0.0593,0.0952,0.4173,0.6929
NW_006803969.1,3497781,5618250,4535997,127,0.05,0.1058,0.4964,0.7382
NW_006803970.1,120694,3464175,1665441,157,0.0473,0.0954,0.3983,0.7055
NW_006803970.1,3478252,6072536,4894793,124,0.0463,0.077,0.4776,0.7764
NW_006803971.1,2625,4078512,2238713,140,0.0641,0.0892,0.4213,0.6947
NW_006803971.1,4112822,7341032,5592442,117,0.0682,0.0871,0.3407,0.63
NW_006803972.1,1388,2241892,1130624,139,0.085,0.0997,0.3602,0.5912
NW_006803972.1,2245454,5650469,4025630,154,0.0854,0.1152,0.4185,0.6157
NW_006803973.1,60348,2752866,1292107,138,0.0649,0.0959,0.4477,0.6992
NW_006803973.1,2760054,5087035,3979588,114,0.0621,0.0786,0.4026,0.7032
NW_006803974.1,14621,2999356,1566326,119,0.0894,0.1243,0.3435,0.5285
NW_006803974.1,3020286,6640219,4798697,138,0.0471,0.1047,0.4283,0.7099
NW_006803975.1,35274,3322745,1656260,142,0.0682,0.0841,0.3825,0.6683
NW_006803975.1,3352687,6030339,4547445,113,0.0619,0.1058,0.5137,0.7255
NW_006803976.1,6047,2729911,1363940,123,0.0564,0.1182,0.4218,0.6677
NW_006803976.1,2763462,4767490,3775133,114,0.068,0.0806,0.4348,0.7079
NW_006803977.1,113635,3696136,1656211,126,0.0483,0.0744,0.4489,0.7633
NW_006803977.1,3764187,7186892,5370268,129,0.0269,0.1285,0.4064,0.7016
NW_006803978.1,6284,2079360,1021644,115,0.0732,0.0654,0.4181,0.7101
NW_006803978.1,2079666,4500755,3410308,138,0.0766,0.0797,0.3471,0.6293
NW_006803979.1,25225,2640683,1231293,116,0.037,0.0963,0.3973,0.7258
NW_006803979.1,2676949,5344263,4048751,129,0.0506,0.0772,0.3801,0.7163
NW_006803980.1,52770,3330403,1495424,133,0.0463,0.0852,0.4436,0.7488
NW_006803980.1,3332705,6485161,5054684,129,0.0513,0.1053,0.4263,0.6993
NW_006803981.1,10348,3159617,1713444,128,0.0649,0.0751,0.4353,0.7222
NW_006803981.1,3175668,6406206,4802429,135,0.0662,0.0904,0.3948,0.6714
NW_006803982.1,1825,2940739,1555002,140,0.0709,0.0834,0.4751,0.72
NW_006803982.1,3018454,6304951,4694899,150,0.1052,0.0735,0.3455,0.5776
NW_006803983.1,6360,1860575,912920,109,0.0597,0.093,0.4057,0.688
NW_006803983.1,1902763,4751277,3029173,130,0.0639,0.0926,0.4721,0.719
NW_006803984.1,21442,2588510,1235004,126,0.0615,0.0975,0.3967,0.6714
NW_006803984.1,2600017,5636470,4005266,143,0.0363,0.0923,0.4671,0.7694
NW_006803985.1,11594,2025779,994341,123,0.0787,0.088,0.3238,0.5888
NW_006803985.1,2052339,4321257,3154249,128,0.0755,0.0767,0.3689,0.6546
NW_006803986.1,12816,2689906,1293012,124,0.0454,0.0967,0.4171,0.7188
NW_006803986.1,2694282,4923124,3838853,133,0.0491,0.0701,0.3582,0.7177
NW_006803987.1,10353,2653712,1322728,129,0.0447,0.0982,0.3854,0.698
NW_006803987.1,2665046,4633563,3637644,105,0.0646,0.1192,0.4035,0.6375
NW_006803989.1,1239,2348556,1177140,152,0.0617,0.0936,0.4645,0.7175
NW_006803989.1,2352923,4923374,3570941,136,0.0571,0.0936,0.433,0.709
NW_006803990.1,17051,2700166,1359458,164,0.0843,0.1044,0.4093,0.6258
NW_006803990.1,2704020,5350170,4014504,147,0.0651,0.0968,0.3962,0.6648
NW_006803991.1,16854,3441264,1943720,153,0.0781,0.0904,0.3715,0.6294
NW_006803991.1,3486512,4964206,4209778,120,0.0559,0.0989,0.4139,0.6922
NW_006803992.1,75964,2614366,1367027,122,0.0817,0.083,0.4312,0.6759
NW_006803992.1,2683166,5481492,4123543,128,0.0543,0.0863,0.3667,0.6834
NW_006803993.1,9208,3050925,1573529,153,0.0864,0.0769,0.3988,0.6541
NW_006803993.1,3075001,5534709,4238911,129,0.0504,0.0838,0.4471,0.7444
NW_006803994.1,29396,3056518,1322263,133,0.0616,0.1164,0.4259,0.6631
NW_006803994.1,3113737,6213208,4695919,109,0.0495,0.0917,0.4224,0.7212
NW_006803995.1,1580,3262034,1606434,159,0.0377,0.0669,0.4225,0.7853
NW_006803995.1,3262746,5631867,4440348,140,0.0771,0.0923,0.3229,0.5842
NW_006803996.1,46971,2881271,1569717,150,0.0482,0.1074,0.3859,0.676
NW_006803996.1,2927787,5361794,4059586,127,0.0565,0.0956,0.4341,0.7079
NW_006803998.1,41901,2108721,1146323,116,0.063,0.0674,0.4134,0.7254
NW_006803998.1,2126307,4697169,3476933,123,0.0386,0.0851,0.4777,0.7797
NW_006803999.1,166242,2783961,1488784,148,0.1165,0.0977,0.3826,0.5546
NW_006803999.1,2818790,5616140,4226046,153,0.0769,0.0954,0.4085,0.6522
NW_006804000.1,30718,3218397,1419327,151,0.0582,0.074,0.3882,0.7099
NW_006804001.1,50582,2361167,1261036,126,0.0607,0.131,0.3293,0.5616
NW_006804001.1,2364839,5656065,3974635,130,0.0379,0.0967,0.4392,0.7465
NW_006804002.1,58504,2921286,1576348,122,0.0455,0.0957,0.4066,0.714
NW_006804002.1,2945808,5334965,4128319,113,0.0552,0.0853,0.4609,0.7396
NW_006804003.1,43688,3226931,1692477,170,0.1125,0.0756,0.2906,0.4983
NW_006804004.1,56980,2817808,1476666,136,0.0772,0.0955,0.3571,0.6111
NW_006804005.1,13123,2207152,1002012,116,0.0523,0.0893,0.3716,0.6865
NW_006804005.1,2210351,4228909,3153829,109,0.0675,0.089,0.3594,0.6442
NW_006804006.1,123972,2541687,1377244,119,0.0682,0.0946,0.4562,0.6998
NW_006804006.1,2554008,5031833,3820625,137,0.063,0.0916,0.3961,0.677
NW_006804007.1,24656,2686314,1299488,129,0.0614,0.1099,0.3336,0.5996
NW_006804007.1,2691589,5032756,3950400,132,0.0615,0.1142,0.4513,0.6824
NW_006804008.1,41685,2311158,1120735,128,0.0596,0.0903,0.4034,0.6911
NW_006804008.1,2330507,5364835,3865100,138,0.0456,0.111,0.4037,0.6881
NW_006804009.1,11728,2937922,1498124,148,0.0745,0.1093,0.3939,0.6258
NW_006804009.1,2938955,5617904,4309813,148,0.0593,0.1125,0.472,0.7004
NW_006804010.1,32804,2616123,1195450,146,0.0788,0.1053,0.341,0.577
NW_006804011.1,46823,2107911,1120140,117,0.0649,0.0949,0.4189,0.6832
NW_006804011.1,2115909,4049060,3118032,126,0.0415,0.0866,0.3933,0.7293
NW_006804012.1,24704,2855753,1579532,121,0.0531,0.1176,0.3772,0.643
NW_006804012.1,2869765,5446975,4168297,117,0.0836,0.095,0.3925,0.6282
NW_006804013.1,49292,3165712,1659178,151,0.077,0.1333,0.3118,0.5035
NW_006804015.1,98686,2168325,1153852,115,0.0493,0.0848,0.3666,0.6974
NW_006804015.1,2178021,3969996,3114549,111,0.0587,0.0922,0.4074,0.6925
NW_006804016.1,91549,2503099,1336722,136,0.0836,0.0871,0.4123,0.6538
NW_006804016.1,2505113,5092000,3746898,151,0.0876,0.0971,0.2921,0.5177
NW_006804017.1,64728,3210827,1645789,123,0.0521,0.0989,0.4881,0.7397
NW_006804018.1,8992,2560988,1316738,135,0.0499,0.0825,0.4368,0.7421
NW_006804019.1,47121,2510184,1229152,131,0.0413,0.0813,0.425,0.7557
NW_006804020.1,16943,2456218,1284073,122,0.0746,0.0851,0.2953,0.5731
NW_006804020.1,2468813,4660283,3574721,109,0.0532,0.0923,0.3889,0.6916
NW_006804021.1,27149,2672041,1422368,164,0.0682,0.1113,0.3914,0.6331
NW_006804022.1,14910,2727697,1447734,119,0.0586,0.0947,0.421,0.6973
NW_006804023.1,29301,2476882,1219797,165,0.0879,0.1182,0.3688,0.5655
NW_006804024.1,41322,2400053,1154375,112,0.0416,0.0955,0.3879,0.7112
NW_006804024.1,2401304,4725271,3585715,127,0.0476,0.0729,0.4191,0.7525
NW_006804025.1,8257,4423560,2181085,158,0.0704,0.1002,0.3868,0.642
NW_006804026.1,17276,2540518,1241405,117,0.0422,0.1001,0.4268,0.7259
NW_006804026.1,2554579,4831315,3669725,117,0.0487,0.0838,0.3888,0.7152
NW_006804027.1,23106,3502313,1780641,144,0.1138,0.1086,0.3279,0.4882
NW_006804028.1,30025,3282324,1686513,165,0.0812,0.0957,0.3939,0.6327
NW_006804029.1,47899,2701191,1260245,151,0.1004,0.0914,0.4115,0.6161
NW_006804030.1,10542,2751331,1190182,131,0.0568,0.0822,0.4326,0.7263
NW_006804031.1,65338,2772428,1432048,143,0.0758,0.0955,0.4583,0.6858
NW_006804032.1,52976,2953154,1536532,144,0.0783,0.0904,0.4151,0.6613
NW_006804033.1,795,3037446,1464788,188,0.0808,0.1002,0.3416,0.5817
NW_006804034.1,39709,2413664,1225830,131,0.0397,0.1073,0.4635,0.7395
NW_006804034.1,2480354,4561555,3525172,99,0.0376,0.1099,0.4386,0.7271
NW_006804035.1,34400,3433704,1844298,128,0.053,0.1085,0.4278,0.6923
NW_006804036.1,30974,2295823,1235826,128,0.0685,0.0897,0.4017,0.6727
NW_006804036.1,2299345,4600890,3590231,107,0.0576,0.0644,0.3692,0.7151
NW_006804037.1,79682,3973207,2014224,145,0.0599,0.0878,0.4242,0.707
NW_006804038.1,65454,4654082,2374717,228,0.0805,0.1076,0.3456,0.5743
NW_006804039.1,11514,2793364,1289471,132,0.0757,0.0749,0.4485,0.709
NW_006804040.1,32432,2961611,1614221,137,0.0793,0.0739,0.4189,0.6858
NW_006804041.1,33714,3715883,1848737,157,0.068,0.1137,0.4446,0.667
NW_006804042.1,13982,2448788,1202776,120,0.0583,0.0658,0.3944,0.727
NW_006804043.1,170193,2636780,1563605,132,0.069,0.1059,0.4782,0.6953
NW_006804044.1,35192,2983516,1436620,121,0.0634,0.0817,0.4823,0.7396
NW_006804044.1,2988568,4923073,3859744,99,0.0329,0.0791,0.411,0.7708
NW_006804045.1,76374,2527044,1367074,108,0.0587,0.0755,0.3528,0.6816
NW_006804045.1,2528293,4388218,3401211,103,0.0556,0.1017,0.4416,0.7051
NW_006804046.1,24720,1912570,928549,112,0.0569,0.0792,0.4459,0.7376
NW_006804046.1,1919366,4164081,2991537,119,0.0662,0.0903,0.3753,0.6574
NW_006804047.1,28472,2025082,1098672,129,0.0426,0.0793,0.4536,0.7699
NW_006804047.1,2034304,4564840,3273335,146,0.0666,0.0936,0.4607,0.7065
NW_006804048.1,9068,2850378,1482458,137,0.0716,0.1063,0.3919,0.6342
NW_006804049.1,44618,2677303,1355993,160,0.0562,0.1309,0.4948,0.6941
NW_006804050.1,11890,3557454,1763716,151,0.0834,0.094,0.4163,0.6474
NW_006804051.1,7297,2053889,1052114,128,0.0796,0.1025,0.3882,0.6214
NW_006804051.1,2065509,4005534,3062909,108,0.0465,0.0995,0.4192,0.7136
NW_006804052.1,34785,2324319,1073493,136,0.0536,0.0901,0.4477,0.7293
NW_006804053.1,113464,3116092,1607185,158,0.0927,0.08,0.4157,0.6494
NW_006804054.1,69510,3646273,1848095,163,0.0972,0.1226,0.4171,0.5839
NW_006804055.1,30467,3059933,1576472,138,0.0594,0.1064,0.3765,0.6469
NW_006804056.1,21246,3596843,1889905,174,0.0681,0.1136,0.4481,0.6691
NW_006804057.1,39530,4063876,1984330,177,0.0975,0.1092,0.4326,0.6128
NW_006804058.1,14278,2893528,1477663,158,0.0595,0.1127,0.4597,0.693
NW_006804059.1,11308,2499190,1334977,150,0.0691,0.0835,0.4411,0.7052
NW_006804060.1,24003,2137767,1022604,134,0.0538,0.135,0.4644,0.6759
NW_006804061.1,35975,2316119,1195043,135,0.0419,0.0813,0.3819,0.7305
NW_006804063.1,34584,3645012,1745160,167,0.0827,0.1006,0.4327,0.6506
NW_006804064.1,2436,2731215,1365506,149,0.0735,0.0923,0.3191,0.5884
NW_006804065.1,17629,2757224,1359442,121,0.0587,0.0859,0.4214,0.7107
NW_006804066.1,23072,2164264,969097,137,0.0457,0.0935,0.3722,0.6947
NW_006804067.1,3765,2331431,1060860,118,0.0546,0.0777,0.4064,0.723
NW_006804068.1,2768,4526668,2144084,163,0.0555,0.0641,0.4299,0.755
NW_006804069.1,7742,2882360,1250760,137,0.0631,0.0943,0.4021,0.6768
NW_006804070.1,41827,2402696,1216325,151,0.0925,0.094,0.4624,0.661
NW_006804071.1,8177,2535537,1336525,110,0.0691,0.0534,0.4202,0.738
NW_006804072.1,27742,3290505,1569663,164,0.0663,0.1045,0.4357,0.6775
NW_006804073.1,27582,3271645,1703761,181,0.0946,0.0881,0.4217,0.6386
NW_006804074.1,55267,2379227,1196445,124,0.0479,0.1068,0.5072,0.7455
NW_006804075.1,129250,2075682,1208113,104,0.063,0.0854,0.4434,0.7153
NW_006804075.1,2131471,4117359,3125393,109,0.0648,0.1054,0.4063,0.6596
NW_006804076.1,58856,3592606,1903489,164,0.0824,0.0789,0.4008,0.6603
NW_006804077.1,18487,2036830,977930,120,0.066,0.0878,0.3948,0.6759
NW_006804078.1,131219,2421738,1240307,121,0.0603,0.082,0.4523,0.7302
NW_006804079.1,8258,2410400,1236473,156,0.069,0.0971,0.4327,0.681
NW_006804080.1,35860,2585615,1325899,121,0.0568,0.1212,0.3436,0.6005
NW_006804081.1,133702,2518850,1274339,122,0.0537,0.0868,0.3334,0.6577
NW_006804082.1,15155,2175381,1057643,130,0.0395,0.0791,0.3829,0.7402
NW_006804083.1,961,2613678,1230637,165,0.1037,0.1028,0.3357,0.5251
NW_006804084.1,6778,2422926,1138914,126,0.0672,0.0886,0.3793,0.6609
NW_006804085.1,26149,4379642,2292271,149,0.0545,0.0821,0.3755,0.6962
NW_006804086.1,17904,3145586,1521562,164,0.0706,0.1065,0.3883,0.6332
NW_006804087.1,23218,2649639,1255117,148,0.076,0.1115,0.3797,0.608
NW_006804088.1,70208,2351355,1175726,131,0.0427,0.0932,0.4449,0.7448
NW_006804089.1,66789,3651381,1805781,179,0.0693,0.0925,0.4239,0.6814
NW_006804090.1,19947,2446772,1186094,136,0.0531,0.0969,0.4086,0.6975
NW_006804091.1,1300,2301595,1184905,156,0.062,0.092,0.402,0.6825
NW_006804092.1,49176,3544292,1905378,153,0.0712,0.1004,0.4102,0.6572
NW_006804093.1,68564,3119424,1637920,147,0.0533,0.0995,0.3957,0.6846
NW_006804094.1,5892,2717732,1355431,137,0.0389,0.0996,0.3815,0.7061
NW_006804095.1,64960,2485206,1179750,137,0.047,0.1014,0.3787,0.6832
NW_006804096.1,89257,2315767,1189149,132,0.0761,0.0953,0.4218,0.6629
NW_006804097.1,2792,2835653,1540462,125,0.0599,0.0934,0.3808,0.6699
NW_006804098.1,28279,3524083,1747221,155,0.0886,0.108,0.3141,0.5234
NW_006804099.1,24513,2234842,1256127,128,0.0788,0.0763,0.3988,0.6702
NW_006804100.1,52111,2804971,1340497,139,0.0601,0.0808,0.3888,0.6952
NW_006804101.1,9180,2449958,1218140,127,0.0726,0.0934,0.4698,0.7009
NW_006804102.1,3334,3730044,1722579,130,0.0555,0.1058,0.4383,0.6977
NW_006804103.1,7371,3277073,1424645,130,0.0394,0.0832,0.4657,0.7758
NW_006804104.1,38901,2667918,1492344,148,0.0685,0.1144,0.4646,0.6773
NW_006804105.1,31369,2214085,1164512,107,0.0563,0.0743,0.4172,0.7309
NW_006804106.1,23744,2122765,1223192,119,0.0747,0.0978,0.4103,0.6541
NW_006804107.1,24825,2544597,1205474,115,0.0507,0.1049,0.4832,0.7319
NW_006804108.1,8964,2890749,1481246,156,0.0594,0.1127,0.3398,0.6053
NW_006804109.1,111766,3051133,1579902,130,0.064,0.1014,0.4073,0.6677
NW_006804110.1,52301,2242255,1186988,124,0.0703,0.0982,0.4507,0.6878
NW_006804111.1,11761,2377529,1258717,142,0.0578,0.0896,0.3762,0.6771
NW_006804112.1,69538,3008527,1604040,135,0.0535,0.0765,0.4274,0.7387
NW_006804113.1,122035,2843956,1545706,131,0.0379,0.0877,0.4316,0.7563
NW_006804114.1,10501,2686407,1366985,127,0.0621,0.0998,0.4578,0.7048
NW_006804115.1,111201,3760352,2029703,130,0.0594,0.099,0.3747,0.6573
NW_006804116.1,7482,2241616,1124827,114,0.0455,0.0848,0.4555,0.7569
NW_006804118.1,151961,2421690,1363371,124,0.0309,0.1273,0.4229,0.7053
NW_006804119.1,80678,3266059,1697780,169,0.0948,0.1019,0.3587,0.5671
NW_006804120.1,1497,2789803,1352809,159,0.0818,0.1015,0.4444,0.6587
NW_006804122.1,68150,2245734,1172539,121,0.0749,0.0811,0.2953,0.5796
NW_006804123.1,11156,3123976,1588162,169,0.0705,0.0879,0.4337,0.6916
NW_006804124.1,14758,2368003,1195722,129,0.0474,0.0946,0.4019,0.7088
NW_006804125.1,1198,2076476,1034074,102,0.0299,0.0838,0.3918,0.7597
NW_006804126.1,22109,2520527,1294382,158,0.0772,0.0828,0.367,0.6394
NW_006804127.1,17918,1732515,899699,111,0.0448,0.1231,0.439,0.6938
NW_006804128.1,38721,2970949,1375627,128,0.0408,0.079,0.4248,0.7602
NW_006804129.1,48955,2415931,1207191,113,0.0922,0.097,0.3398,0.5614
NW_006804130.1,19014,2446249,1300808,125,0.0771,0.0809,0.3972,0.6655
NW_006804132.1,3622,2756581,1448852,125,0.0563,0.0712,0.4584,0.7566
NW_006804133.1,12064,2549551,1386594,124,0.0474,0.1301,0.4067,0.6574
NW_006804135.1,24417,2247701,999050,116,0.0319,0.1066,0.4302,0.7391
NW_006804136.1,100515,3179140,1605561,168,0.0726,0.1143,0.3684,0.6011
NW_006804137.1,140563,3584243,1897135,134,0.0375,0.0927,0.5231,0.789
NW_006804138.1,27571,3490480,1734652,177,0.1051,0.0994,0.3217,0.5122
NW_006804139.1,16936,2458283,1357834,121,0.0729,0.0816,0.3932,0.6701
NW_006804141.1,53353,2917004,1345022,115,0.0436,0.0772,0.4048,0.7466
NW_006804142.1,18354,2924686,1480965,141,0.0705,0.0741,0.3797,0.6773
NW_006804143.1,8115,2492944,1232498,131,0.063,0.1044,0.2701,0.5338
NW_006804144.1,5808,3266901,1591740,183,0.0976,0.1058,0.3301,0.5266
NW_006804145.1,1286,2522002,1235160,137,0.062,0.0879,0.4524,0.7186
NW_006804146.1,15859,2717791,1350716,130,0.0727,0.0787,0.4668,0.7189
NW_006804147.1,34637,3224137,1725876,165,0.0783,0.103,0.4521,0.6675
NW_006804148.1,1362,2607035,1167859,133,0.056,0.0965,0.414,0.6955
NW_006804149.1,43801,2576353,1349019,134,0.0361,0.087,0.4467,0.7684
NW_006804150.1,536,2632846,1354744,149,0.0854,0.0874,0.4082,0.6472
NW_006804151.1,17056,2254571,1135482,117,0.0592,0.0777,0.3471,0.6722
NW_006804152.1,8988,2628275,1296917,139,0.0387,0.1011,0.5015,0.7672
NW_006804153.1,8905,1789692,884794,121,0.0842,0.0957,0.3108,0.5497
NW_006804154.1,107799,2871728,1520026,136,0.0567,0.1031,0.4328,0.6959
NW_006804155.1,34924,2850811,1450451,165,0.0551,0.0981,0.376,0.6692
NW_006804156.1,54765,2783793,1397236,129,0.0482,0.1085,0.3785,0.6689
NW_006804158.1,132865,3305003,1666229,129,0.0146,0.0833,0.4875,0.8342
NW_006804159.1,58114,2190480,1094741,133,0.0556,0.1089,0.4139,0.6776
NW_006804160.1,56448,2497969,1319157,124,0.0405,0.0758,0.4143,0.761
NW_006804161.1,58339,2199580,1155748,110,0.0345,0.0781,0.4992,0.8059
NW_006804162.1,12842,2917734,1424575,157,0.0893,0.0852,0.4012,0.638
NW_006804163.1,33199,3183085,1523433,130,0.0694,0.0974,0.3845,0.6464
NW_006804164.1,32930,2318197,1140709,110,0.0464,0.1009,0.399,0.6992
NW_006804165.1,17574,3125739,1424774,141,0.0402,0.0949,0.4358,0.7426
NW_006804166.1,2676,3418421,1663307,153,0.0428,0.1076,0.472,0.7375
NW_006804168.1,3683,3157192,1771282,129,0.0508,0.0672,0.3578,0.7186
NW_006804169.1,4793,3228690,1695834,136,0.0632,0.0805,0.5008,0.7498
NW_006804170.1,63676,2670631,1507554,121,0.0617,0.1034,0.4014,0.6653
NW_006804171.1,27792,2160650,1081074,125,0.0593,0.0821,0.4058,0.7057
NW_006804172.1,30973,3344682,1722121,140,0.0474,0.0716,0.3821,0.7345
NW_006804173.1,30554,2595806,1158022,125,0.0401,0.0718,0.3699,0.7439
NW_006804175.1,38398,2632037,1416533,162,0.0829,0.0908,0.3863,0.6309
NW_006804176.1,14676,1723420,972255,97,0.0518,0.0663,0.4943,0.7875
NW_006804177.1,2948,2769303,1373198,131,0.066,0.0773,0.4064,0.6997
NW_006804179.1,8956,2602356,1292313,117,0.0578,0.0755,0.4484,0.7425
NW_006804181.1,12280,2710905,1432589,129,0.0591,0.0925,0.3663,0.6622
NW_006804182.1,4797,2614240,1435406,120,0.0651,0.0807,0.379,0.6779
NW_006804183.1,62966,2552211,1259332,113,0.0479,0.0826,0.4453,0.7504
NW_006804184.1,16792,2569808,1301188,124,0.0447,0.0983,0.411,0.7143
NW_006804185.1,15610,3139363,1732132,138,0.044,0.0966,0.4326,0.7308
NW_006804186.1,11447,2299686,1085038,136,0.0528,0.1002,0.4217,0.7012
NW_006804187.1,56702,2230224,1147068,110,0.0417,0.0974,0.3966,0.7134
NW_006804188.1,32065,2907125,1439645,152,0.0726,0.098,0.4475,0.682
NW_006804190.1,43188,2394177,1385895,128,0.038,0.0894,0.4779,0.775
NW_006804192.1,10211,2834226,1346029,125,0.0646,0.1023,0.3321,0.6041
NW_006804193.1,28857,2930838,1488213,158,0.0974,0.0974,0.3475,0.558
NW_006804194.1,30271,2375177,1162587,117,0.0533,0.0709,0.3339,0.6881
NW_006804195.1,2594,2203491,1138391,139,0.0701,0.072,0.4376,0.7178
NW_006804196.1,18159,2037816,1091880,122,0.0469,0.1026,0.5017,0.7504
NW_006804197.1,104330,1828769,969816,120,0.0523,0.0887,0.5549,0.7797
NW_006804198.1,54900,2814054,1518997,131,0.0465,0.0754,0.3519,0.7102
NW_006804199.1,9843,2186321,1164704,138,0.0506,0.0829,0.3557,0.6898
NW_006804201.1,18951,2719052,1224570,122,0.0575,0.0938,0.3938,0.6835
NW_006804202.1,56726,2158581,1179588,132,0.0771,0.1033,0.3927,0.6287
NW_006804204.1,8528,2633654,1236080,138,0.0583,0.0617,0.4753,0.7738
NW_006804206.1,31080,2094120,1108428,118,0.0486,0.1104,0.4039,0.683
NW_006804207.1,12208,3291141,1832291,121,0.061,0.0749,0.4209,0.7224
NW_006804208.1,13612,2230052,1165395,127,0.06,0.0945,0.4443,0.7086
NW_006804209.1,13998,2816151,1559946,122,0.065,0.0762,0.3773,0.6841
NW_006804212.1,82461,2405214,1170545,110,0.052,0.0941,0.382,0.6866
NW_006804214.1,34268,2042202,1030498,113,0.0749,0.0887,0.4352,0.6832
NW_006804215.1,25172,3131329,1621755,131,0.0575,0.0839,0.3787,0.689
NW_006804216.1,5227,1933692,892148,104,0.0364,0.0781,0.4169,0.7675
NW_006804217.1,54917,2590420,1344025,139,0.056,0.1123,0.433,0.6842
NW_006804221.1,69775,2429184,1330580,132,0.0639,0.0817,0.315,0.6257
NW_006804222.1,9675,2747449,1337538,137,0.0582,0.1025,0.4486,0.7032
NW_006804223.1,38028,2568369,1227655,138,0.0742,0.0736,0.4208,0.6976
NW_006804224.1,21475,2305881,1134299,130,0.0556,0.1063,0.3215,0.6074
NW_006804226.1,21922,2399334,1085716,121,0.0708,0.08,0.4762,0.7254
NW_006804227.1,73069,2612393,1382732,144,0.0936,0.1132,0.3613,0.5549
NW_006804228.1,38662,2664313,1304723,136,0.062,0.0947,0.4665,0.7166
NW_006804229.1,5037,2783212,1489249,123,0.062,0.1138,0.4646,0.6897
NW_006804231.1,50568,2543881,1325719,119,0.0739,0.1144,0.4034,0.6268
NW_006804233.1,15374,2730684,1371003,121,0.0777,0.0884,0.4513,0.688
NW_006804234.1,188,2427381,1257665,109,0.0977,0.0622,0.4256,0.6717
NW_006804235.1,24128,2810908,1545799,125,0.0635,0.0719,0.4361,0.7301
NW_006804236.1,50403,2724439,1327712,110,0.0634,0.0561,0.4457,0.7586
NW_006804241.1,43815,2528802,1264639,134,0.1007,0.0752,0.3977,0.6279
NW_006804245.1,2380,2795854,1413545,105,0.0514,0.0759,0.4788,0.7686
NW_006804247.1,22954,2575424,1364063,129,0.0557,0.0523,0.6172,0.8362
NW_006804248.1,14831,2196485,1069046,123,0.0535,0.1043,0.4425,0.7061
NW_006804249.1,18471,1959458,1072874,117,0.0574,0.0684,0.4158,0.737
NW_006804250.1,13484,2019886,1007962,109,0.059,0.085,0.4421,0.723
NW_006804252.1,43184,2246903,1175650,128,0.0545,0.0791,0.4783,0.7578
NW_006804253.1,54765,2347749,1275729,117,0.1126,0.0837,0.366,0.5667
NW_006804260.1,31435,2384816,1188238,120,0.0885,0.091,0.3691,0.6053
NW_006804262.1,11142,2207354,1113814,114,0.0608,0.0798,0.5024,0.7557
NW_006804265.1,6666,2178951,1191238,106,0.0951,0.0626,0.3845,0.6478
NW_006804270.1,9506,2299977,1246833,120,0.0527,0.0967,0.3885,0.6855
NW_006804276.1,9780,2539340,1164345,119,0.0562,0.0816,0.5111,0.7652
NW_006804278.1,26225,2053620,1001327,134,0.0614,0.1137,0.3142,0.5734
NW_006804279.1,1095,2390072,1160988,133,0.0643,0.0951,0.4203,0.6851
NW_006804282.1,19960,2528331,1211874,124,0.0347,0.1059,0.4501,0.7447
NW_006804301.1,35035,2380008,1208242,107,0.0521,0.0758,0.4595,0.7587
NW_006804302.1,1522,2059007,1007110,124,0.0621,0.1243,0.4708,0.6791
NW_006804304.1,10916,2097553,1086146,132,0.0676,0.1269,0.3207,0.5442
NW_006804305.1,18829,1881836,1003246,116,0.0467,0.0909,0.4705,0.7526
NW_006804312.1,12735,2265971,1215604,116,0.0517,0.0774,0.4617,0.7582
NW_006804319.1,8533,2446713,1336113,120,0.0453,0.0987,0.4306,0.7236
NW_006804321.1,13451,2207002,934456,105,0.0333,0.0799,0.4859,0.8007
NW_006804324.1,34852,1671450,848760,119,0.0483,0.0761,0.4092,0.7407
NW_006804327.1,11709,2154053,1092232,119,0.0432,0.1009,0.3485,0.67
NW_006804331.1,28510,2087025,972372,103,0.0503,0.0902,0.4287,0.7254
NW_006804332.1,2350,2049271,985109,131,0.0669,0.0865,0.3582,0.6487
NW_006804336.1,94110,1953334,1072126,112,0.0497,0.0815,0.5146,0.7786
NW_006804340.1,17891,2070928,1064991,100,0.0254,0.114,0.4954,0.7719
NW_006804343.1,119038,2484593,1245021,98,0.0613,0.0754,0.4277,0.7249
NW_006804352.1,9279,2159224,970996,120,0.0694,0.0922,0.3869,0.6563
NW_006804354.1,45910,1890878,981271,104,0.0589,0.0941,0.4339,0.7053
NW_006804360.1,5227,1895366,915079,125,0.0501,0.1003,0.452,0.7235
NW_006804367.1,6698,1915434,1028611,117,0.0398,0.1002,0.3798,0.702
NW_006804369.1,19614,2035570,1051580,111,0.0603,0.0956,0.3652,0.6537
NW_006804372.1,36333,1702219,753431,102,0.086,0.0849,0.4,0.6438
NW_006804387.1,17608,1943949,964761,101,0.0576,0.1184,0.4129,0.6591
NW_006804475.1,12422,1513150,801704,105,0.0807,0.0906,0.3581,0.6124
