scaffold,start,end,mid,sites,pi_concolor,pi_roumanicus,pi_europaeus,dxy_concolor_roumanicus,dxy_concolor_europaeus,dxy_roumanicus_europaeus,Fst_concolor_roumanicus,Fst_concolor_europaeus,Fst_roumanicus_europaeus
NW_006803924.1,1000001,1500000,1285142,30,0.0241,0.0824,0.0663,0.2182,0.3996,0.4582,0.4323,0.7189,0.7135
NW_006803924.1,1500001,2000000,1725209,36,0.1046,0.0626,0.1258,0.1185,0.383,0.374,0.1383,0.4701,0.6081
NW_006803924.1,2500001,3000000,2752415,41,0.0636,0.041,0.0787,0.3615,0.5242,0.473,0.6894,0.7072,0.7824
NW_006803924.1,4500001,5000000,4751973,34,0.1324,0.0492,0.0931,0.3715,0.4366,0.5031,0.5819,0.555,0.7595
NW_006803924.1,7000001,7500000,7271992,33,0.0287,0.0582,0.1074,0.3206,0.4299,0.3197,0.6336,0.6243,0.5974
NW_006803924.1,9500001,10000000,9765399,32,0.0535,0.0391,0.0631,0.1976,0.5676,0.653,0.5404,0.7701,0.858
NW_006803924.1,11000001,11500000,11235383,32,0.0857,0.038,0.0764,0.2381,0.46,0.3967,0.5479,0.6569,0.7563
NW_006803924.1,11500001,12000000,11756906,34,0.1111,0.0557,0.0417,0.3356,0.374,0.4459,0.5523,0.6638,0.7963
NW_006803924.1,12500001,13000000,12768401,31,0.1127,0.0385,0.1045,0.1498,0.3484,0.3433,0.3125,0.4724,0.6705
NW_006803924.1,14000001,14500000,14259781,35,0.1541,0.0542,0.1277,0.2546,0.4142,0.2598,0.3986,0.447,0.4958
NW_006803924.1,15500001,16000000,15729265,33,0.0859,0.0729,0.0861,0.2601,0.3752,0.3837,0.4387,0.5725,0.6564
NW_006803924.1,16000001,16500000,16247341,31,0.0678,0.0524,0.1083,0.2962,0.602,0.3851,0.5813,0.677,0.6651
NW_006803925.1,8000001,8500000,8232779,40,0.1181,0.061,0.0939,0.1568,0.4382,0.4441,0.2326,0.5688,0.7073
NW_006803925.1,9500001,10000000,9749200,32,0.0914,0.0532,0.0948,0.2805,0.5129,0.3669,0.528,0.6404,0.672
NW_006803925.1,13000001,13500000,13211643,32,0.0808,0.1475,0.1102,0.3268,0.5077,0.4907,0.3411,0.6157,0.5738
NW_006803926.1,1,500000,230173,30,0.105,0.0376,0.0931,0.1696,0.5733,0.6462,0.3857,0.6625,0.8253
NW_006803926.1,2000001,2500000,2232597,33,0.0707,0.0886,0.0874,0.2533,0.3395,0.3916,0.4001,0.5555,0.6289
NW_006803926.1,5500001,6000000,5744600,31,0.1221,0.0329,0.0685,0.1855,0.4642,0.3796,0.4098,0.6402,0.7728
NW_006803926.1,6000001,6500000,6239281,40,0.0506,0.0742,0.0658,0.2346,0.469,0.4725,0.4472,0.7258,0.7366
NW_006803926.1,6500001,7000000,6752755,39,0.0466,0.0538,0.1258,0.1508,0.3447,0.4043,0.3854,0.4952,0.6495
NW_006803926.1,7000001,7500000,7232265,31,0.0961,0.0568,0.0554,0.3906,0.435,0.4994,0.6135,0.684,0.795
NW_006803926.1,9500001,10000000,9781984,31,0.0513,0.0399,0.0962,0.2273,0.5385,0.574,0.5844,0.6867,0.7976
NW_006803926.1,10000001,10500000,10280205,30,0.0757,0.0937,0.0418,0.3046,0.3818,0.3455,0.4436,0.7172,0.6537
NW_006803926.1,10500001,11000000,10767660,30,0.1259,0.0724,0.073,0.3124,0.5941,0.498,0.4559,0.6939,0.7421
NW_006803926.1,11000001,11500000,11298450,32,0.0708,0.0978,0.1177,0.2067,0.3376,0.3601,0.3018,0.4792,0.5393
NW_006803926.1,12500001,13000000,12750761,37,0.0435,0.0655,0.09,0.1921,0.4577,0.4579,0.4237,0.6669,0.712
NW_006803926.1,13000001,13500000,13239014,33,0.126,0.0324,0.0886,0.2292,0.4307,0.3037,0.4891,0.5669,0.6827
NW_006803927.1,3000001,3500000,3254375,31,0.0493,0.0471,0.1116,0.2223,0.4677,0.5294,0.5448,0.6184,0.7504
NW_006803927.1,4000001,4500000,4256429,40,0.1103,0.0789,0.0837,0.3268,0.4276,0.4319,0.4711,0.5921,0.6807
NW_006803927.1,4500001,5000000,4740987,37,0.0797,0.137,0.062,0.2351,0.4361,0.3815,0.2478,0.6856,0.5663
NW_006803927.1,5000001,5500000,5272769,36,0.0725,0.0539,0.1422,0.2225,0.4354,0.4139,0.4746,0.5135,0.6325
NW_006803927.1,8500001,9000000,8781978,35,0.1602,0.0655,0.0923,0.3816,0.3688,0.4157,0.5098,0.4673,0.684
NW_006803927.1,12000001,12500000,12281772,30,0.0317,0.0735,0.1383,0.1687,0.3223,0.3523,0.3678,0.4615,0.5473
NW_006803927.1,13000001,13500000,13264621,38,0.132,0.0804,0.1102,0.3804,0.4562,0.4609,0.4966,0.535,0.6597
NW_006803927.1,14000001,14500000,14271792,30,0.0944,0.0741,0.1732,0.1365,0.3418,0.3242,0.1792,0.352,0.4618
NW_006803928.1,500001,1000000,704050,33,0.0676,0.1133,0.0852,0.2497,0.2695,0.338,0.3329,0.4884,0.5357
NW_006803928.1,8000001,8500000,8275227,30,0.0636,0.0604,0.1415,0.2322,0.5099,0.5031,0.4765,0.5728,0.6781
NW_006803928.1,9500001,10000000,9775646,31,0.0925,0.038,0.0873,0.282,0.4795,0.3688,0.5911,0.6363,0.7207
NW_006803928.1,10500001,11000000,10784927,30,0.0905,0.0738,0.0986,0.3315,0.3446,0.3393,0.5135,0.5081,0.597
NW_006803928.1,11000001,11500000,11282794,31,0.1096,0.0826,0.1128,0.3703,0.3537,0.4188,0.5044,0.4631,0.6242
NW_006803928.1,12000001,12500000,12226953,30,0.1165,0.0828,0.0819,0.2372,0.2145,0.2508,0.3342,0.3355,0.5013
NW_006803929.1,1000001,1500000,1229012,30,0.0674,0.077,0.0643,0.2299,0.4497,0.4181,0.407,0.7014,0.7043
NW_006803929.1,1500001,2000000,1764940,37,0.0636,0.0412,0.1208,0.115,0.4277,0.4361,0.3089,0.5583,0.7024
NW_006803929.1,9000001,9500000,9223729,33,0.1519,0.032,0.0864,0.3465,0.4073,0.37,0.5976,0.5256,0.7375
NW_006803930.1,1000001,1500000,1262111,34,0.1242,0.0749,0.1614,0.3246,0.3842,0.3044,0.4643,0.388,0.4531
NW_006803930.1,1500001,2000000,1765380,33,0.1318,0.0425,0.1554,0.3695,0.3205,0.373,0.6044,0.3207,0.6023
NW_006803930.1,2000001,2500000,2254390,33,0.1382,0.1227,0.1103,0.3486,0.2859,0.3791,0.3615,0.3537,0.5232
NW_006803930.1,2500001,3000000,2760335,33,0.094,0.0788,0.1298,0.3267,0.2873,0.4192,0.4894,0.3672,0.608
NW_006803930.1,4000001,4500000,4267816,30,0.1773,0.0607,0.0971,0.3584,0.485,0.3932,0.482,0.5396,0.6709
NW_006803930.1,5000001,5500000,5247777,32,0.0616,0.1191,0.1512,0.1834,0.324,0.2861,0.2201,0.4043,0.3593
NW_006803930.1,5500001,6000000,5723467,32,0.1597,0.057,0.1433,0.2946,0.3459,0.3733,0.4395,0.3441,0.592
NW_006803930.1,6000001,6500000,6268079,31,0.1038,0.0548,0.1239,0.2198,0.4464,0.4053,0.415,0.5276,0.651
NW_006803930.1,7000001,7500000,7259809,36,0.0854,0.079,0.095,0.2894,0.3046,0.3281,0.4574,0.48,0.5806
NW_006803930.1,8000001,8500000,8241918,34,0.0744,0.0863,0.1333,0.1643,0.3245,0.2908,0.2463,0.4274,0.4573
NW_006803930.1,11000001,11500000,11250791,31,0.1259,0.0409,0.0984,0.3471,0.451,0.345,0.5978,0.5608,0.6768
NW_006803931.1,1500001,2000000,1794074,35,0.1434,0.0591,0.0886,0.3002,0.4831,0.4406,0.461,0.5867,0.7167
NW_006803931.1,3000001,3500000,3278025,33,0.1292,0.0579,0.1063,0.3032,0.2733,0.3335,0.4869,0.3554,0.6137
NW_006803931.1,3500001,4000000,3738108,41,0.1083,0.0555,0.0779,0.3998,0.4289,0.2928,0.6112,0.6088,0.632
NW_006803931.1,4000001,4500000,4230469,30,0.0744,0.0548,0.1007,0.236,0.5152,0.6189,0.488,0.6449,0.7831
NW_006803931.1,5000001,5500000,5266312,30,0.0739,0.0667,0.0735,0.1918,0.4088,0.3913,0.3679,0.6446,0.6944
NW_006803931.1,6500001,7000000,6739466,32,0.0574,0.0651,0.1206,0.3503,0.4056,0.5803,0.5975,0.5481,0.7315
NW_006803931.1,7500001,8000000,7738460,32,0.1481,0.0495,0.0675,0.347,0.4279,0.4608,0.5394,0.5897,0.7765
NW_006803931.1,8000001,8500000,8262500,30,0.0506,0.0526,0.0635,0.2368,0.4281,0.5463,0.5367,0.711,0.8079
NW_006803931.1,9500001,10000000,9775011,31,0.0803,0.0463,0.0657,0.2845,0.3769,0.4516,0.5762,0.6351,0.7817
NW_006803931.1,10000001,10500000,10228953,31,0.0532,0.0479,0.1158,0.2379,0.487,0.4507,0.5554,0.6175,0.7051
NW_006803931.1,10500001,11000000,10777581,34,0.0686,0.0762,0.0872,0.24,0.516,0.4884,0.4231,0.6796,0.7125
NW_006803932.1,500001,1000000,704934,31,0.118,0.0434,0.0517,0.2758,0.4491,0.3664,0.5223,0.6772,0.7702
NW_006803932.1,2000001,2500000,2312047,33,0.0687,0.0647,0.0761,0.2411,0.4077,0.4414,0.465,0.643,0.7244
NW_006803932.1,3500001,4000000,3746835,31,0.0835,0.0543,0.0907,0.2147,0.4592,0.3435,0.442,0.6254,0.658
NW_006803932.1,4000001,4500000,4258056,34,0.1026,0.0185,0.1148,0.2867,0.4414,0.5183,0.6765,0.5427,0.7925
NW_006803932.1,4500001,5000000,4816487,33,0.1124,0.041,0.1124,0.1548,0.4092,0.3629,0.3155,0.5126,0.6666
NW_006803932.1,5000001,5500000,5226921,30,0.0617,0.0867,0.0723,0.1907,0.4647,0.4913,0.3179,0.6949,0.7148
NW_006803932.1,7500001,8000000,7760736,34,0.0625,0.0183,0.134,0.3289,0.4228,0.535,0.7761,0.5287,0.7737
NW_006803932.1,8000001,8500000,8252066,30,0.1288,0.0386,0.1783,0.2494,0.2978,0.2947,0.4886,0.2579,0.4879
NW_006803932.1,9000001,9500000,9202950,31,0.1203,0.119,0.0901,0.404,0.4444,0.4044,0.4376,0.5796,0.5792
NW_006803932.1,9500001,10000000,9774013,30,0.1051,0.1106,0.0696,0.267,0.3935,0.4407,0.3219,0.6069,0.6479
NW_006803932.1,10000001,10500000,10282925,35,0.1208,0.1185,0.0748,0.3343,0.375,0.4518,0.3708,0.5595,0.6347
NW_006803933.1,1500001,2000000,1745806,38,0.0435,0.0902,0.0917,0.1798,0.3717,0.3483,0.3133,0.6051,0.582
NW_006803933.1,4500001,5000000,4757171,31,0.0807,0.0324,0.1648,0.1898,0.4975,0.4694,0.5084,0.5113,0.6772
NW_006803933.1,7500001,8000000,7740667,32,0.0642,0.0507,0.0752,0.1335,0.4912,0.4191,0.3175,0.699,0.7423
NW_006803933.1,8500001,9000000,8743784,30,0.0494,0.0686,0.1465,0.2027,0.4808,0.4098,0.4202,0.5577,0.5961
NW_006803933.1,9000001,9500000,9232969,31,0.1022,0.0394,0.0669,0.2959,0.3383,0.4264,0.5857,0.5701,0.7834
NW_006803933.1,10000001,10500000,10236885,30,0.0808,0.0613,0.132,0.3011,0.3738,0.4086,0.5353,0.4732,0.6291
NW_006803934.1,1000001,1500000,1268250,33,0.1293,0.0934,0.0947,0.322,0.3437,0.357,0.4062,0.4706,0.5793
NW_006803934.1,2000001,2500000,2261876,44,0.1345,0.0578,0.0732,0.3033,0.3777,0.3873,0.4806,0.5497,0.7115
NW_006803934.1,3000001,3500000,3238995,31,0.1132,0.1176,0.0613,0.3587,0.3349,0.3509,0.4049,0.5683,0.5765
NW_006803934.1,6500001,7000000,6779370,33,0.1205,0.0248,0.0901,0.2374,0.4992,0.4232,0.5502,0.6153,0.7767
NW_006803934.1,8000001,8500000,8274973,38,0.0858,0.1123,0.0875,0.3336,0.3756,0.3649,0.4172,0.5692,0.5607
NW_006803934.1,8500001,9000000,8731501,33,0.0712,0.0639,0.0802,0.3671,0.4573,0.4064,0.5995,0.6614,0.6996
NW_006803934.1,9500001,10000000,9706629,30,0.0455,0.0782,0.0494,0.3028,0.3444,0.5227,0.5232,0.7096,0.7727
NW_006803936.1,500001,1000000,704093,39,0.0692,0.0541,0.121,0.1504,0.3981,0.335,0.3368,0.5292,0.5985
NW_006803936.1,5500001,6000000,5795867,30,0.1019,0.0143,0.09,0.2694,0.4829,0.5676,0.6845,0.6232,0.8479
NW_006803936.1,6000001,6500000,6245510,36,0.0821,0.0447,0.0941,0.1328,0.341,0.2765,0.303,0.5256,0.6103
NW_006803936.1,7500001,8000000,7748239,35,0.1207,0.1172,0.0914,0.2688,0.4742,0.4231,0.2934,0.5968,0.5952
NW_006803936.1,8000001,8500000,8225014,34,0.0889,0.0263,0.0704,0.2599,0.4569,0.5053,0.6297,0.6663,0.8347
NW_006803937.1,5000001,5500000,5289429,36,0.0739,0.0905,0.0455,0.2454,0.3191,0.5009,0.3795,0.6612,0.7474
NW_006803937.1,7500001,8000000,7757672,30,0.0939,0.086,0.0678,0.3227,0.3622,0.3527,0.4646,0.6,0.6333
NW_006803937.1,9500001,10000000,9703682,31,0.1339,0.0239,0.101,0.3183,0.4586,0.2755,0.6302,0.5535,0.6532
NW_006803938.1,6500001,7000000,6783130,30,0.1072,0.0699,0.0728,0.2443,0.3592,0.3547,0.3966,0.5673,0.6621
NW_006803939.1,1,500000,222521,31,0.1341,0.045,0.0817,0.2186,0.4601,0.4001,0.4014,0.5949,0.7335
NW_006803939.1,4500001,5000000,4761623,36,0.0659,0.0587,0.0706,0.1836,0.3651,0.3637,0.397,0.6302,0.6979
NW_006803939.1,6000001,6500000,6225012,31,0.0998,0.0589,0.1197,0.2974,0.4247,0.3835,0.5149,0.5228,0.6328
NW_006803939.1,7500001,8000000,7780181,30,0.0987,0.0669,0.1186,0.3016,0.2988,0.3615,0.4937,0.4006,0.5997
NW_006803939.1,9000001,9500000,9245543,30,0.142,0.0441,0.061,0.327,0.4839,0.2088,0.5454,0.6492,0.6008
NW_006803939.1,9500001,10000000,9764135,32,0.1729,0.027,0.0768,0.1956,0.262,0.181,0.3574,0.3486,0.572
NW_006803940.1,1,500000,245725,32,0.066,0.0753,0.1093,0.2833,0.3905,0.4538,0.4858,0.5521,0.6656
NW_006803940.1,500001,1000000,787579,36,0.1116,0.0391,0.1217,0.2804,0.4917,0.4107,0.5554,0.5565,0.6895
NW_006803940.1,1000001,1500000,1237686,30,0.0685,0.1611,0.0689,0.3186,0.4536,0.3732,0.3183,0.6902,0.5076
NW_006803940.1,2000001,2500000,2231304,30,0.0663,0.0527,0.0879,0.1471,0.4148,0.5151,0.3403,0.6205,0.7649
NW_006803940.1,3000001,3500000,3237189,36,0.1316,0.093,0.0798,0.2666,0.5037,0.4561,0.3333,0.6291,0.6748
NW_006803940.1,4500001,5000000,4749225,40,0.0737,0.0873,0.0984,0.2329,0.3853,0.4836,0.3705,0.5646,0.6765
NW_006803940.1,6000001,6500000,6199176,30,0.1537,0.1053,0.0589,0.3916,0.4262,0.3754,0.4268,0.6031,0.6259
NW_006803940.1,6500001,7000000,6748859,31,0.0895,0.0617,0.1004,0.2099,0.3538,0.4099,0.3946,0.5138,0.6755
NW_006803940.1,7000001,7500000,7269324,35,0.1115,0.0814,0.0967,0.2883,0.34,0.4274,0.4175,0.483,0.6549
NW_006803940.1,8000001,8500000,8286294,30,0.1173,0.0146,0.0582,0.1543,0.5012,0.427,0.4506,0.6907,0.855
NW_006803941.1,5500001,6000000,5753415,36,0.087,0.0579,0.0835,0.2193,0.3152,0.3683,0.4295,0.5203,0.6814
NW_006803941.1,7000001,7500000,7261415,35,0.0919,0.1371,0.0995,0.4006,0.3715,0.3746,0.4218,0.5296,0.5088
NW_006803941.1,8000001,8500000,8213575,30,0.0824,0.0466,0.1286,0.3934,0.4414,0.272,0.6666,0.5347,0.5303
NW_006803942.1,1000001,1500000,1251806,31,0.0331,0.0272,0.1114,0.0716,0.561,0.5545,0.3232,0.6819,0.7941
NW_006803942.1,8000001,8500000,8243697,30,0.0941,0.0484,0.0846,0.2651,0.3842,0.3714,0.5239,0.5742,0.7032
NW_006803943.1,1500001,2000000,1785017,31,0.0448,0.1075,0.0779,0.258,0.3166,0.3324,0.3846,0.595,0.5523
NW_006803943.1,3500001,4000000,3730216,33,0.2085,0.1353,0.169,0.3029,0.4795,0.4155,0.2219,0.3923,0.4646
NW_006803943.1,4500001,5000000,4718772,33,0.1128,0.0417,0.0757,0.2942,0.4756,0.278,0.5589,0.6399,0.6593
NW_006803943.1,6500001,7000000,6735486,30,0.1261,0.0298,0.1021,0.277,0.5609,0.3502,0.5699,0.6213,0.701
NW_006803944.1,1500001,2000000,1783082,39,0.0944,0.0849,0.1348,0.3287,0.4593,0.3989,0.4734,0.5251,0.5741
NW_006803945.1,5500001,6000000,5722393,33,0.0699,0.081,0.0664,0.2403,0.4445,0.4893,0.406,0.6901,0.7315
NW_006803945.1,6000001,6500000,6265928,32,0.086,0.0681,0.1026,0.1807,0.2878,0.2962,0.3208,0.4398,0.5575
NW_006803946.1,1,500000,276489,32,0.0615,0.0755,0.1059,0.3322,0.6177,0.4865,0.542,0.693,0.6885
NW_006803946.1,1000001,1500000,1245601,34,0.1033,0.0329,0.1214,0.2387,0.4135,0.4154,0.5427,0.5071,0.7058
NW_006803946.1,1500001,2000000,1689250,31,0.1409,0.0376,0.0867,0.3707,0.419,0.4407,0.6119,0.5463,0.7629
NW_006803946.1,3000001,3500000,3233103,34,0.0951,0.0868,0.075,0.4244,0.3316,0.3782,0.5519,0.5501,0.6409
NW_006803946.1,6000001,6500000,6290705,33,0.1328,0.0644,0.123,0.3537,0.4021,0.3215,0.5161,0.4651,0.5585
NW_006803946.1,8000001,8500000,8201777,35,0.0717,0.0572,0.0993,0.1499,0.439,0.5176,0.3169,0.6047,0.7435
NW_006803947.1,2500001,3000000,2719274,31,0.0416,0.0541,0.086,0.1617,0.5269,0.5212,0.4187,0.7129,0.7674
NW_006803947.1,3000001,3500000,3282653,34,0.0578,0.0201,0.0987,0.1614,0.4644,0.4572,0.5914,0.6363,0.7885
NW_006803947.1,8000001,8500000,8257852,33,0.0604,0.0444,0.0821,0.2793,0.4262,0.5728,0.6089,0.6492,0.807
NW_006803948.1,500001,1000000,743817,30,0.0885,0.021,0.1015,0.2381,0.3512,0.5158,0.6344,0.51,0.805
NW_006803948.1,1000001,1500000,1239067,30,0.0725,0.1133,0.1058,0.2052,0.3585,0.4879,0.2585,0.525,0.6279
NW_006803948.1,1500001,2000000,1748083,32,0.1011,0.0534,0.1117,0.159,0.256,0.2844,0.2979,0.3535,0.5618
NW_006803948.1,2000001,2500000,2262175,30,0.091,0.1359,0.1822,0.3749,0.2916,0.4326,0.4021,0.2807,0.4646
NW_006803948.1,2500001,3000000,2723963,34,0.0473,0.1271,0.1314,0.5098,0.3896,0.3743,0.554,0.5225,0.4831
NW_006803948.1,5500001,6000000,5764297,32,0.14,0.1191,0.1236,0.3217,0.4433,0.3709,0.3373,0.4924,0.5036
NW_006803948.1,6000001,6500000,6246531,36,0.0958,0.0831,0.0922,0.4251,0.4343,0.3077,0.5613,0.5927,0.5547
NW_006803948.1,6500001,7000000,6758734,35,0.1006,0.0953,0.1306,0.3212,0.3993,0.3042,0.4306,0.4794,0.4611
NW_006803948.1,7000001,7500000,7268073,36,0.1177,0.0732,0.1114,0.3225,0.3495,0.3042,0.4745,0.4529,0.5394
NW_006803948.1,8000001,8500000,8205913,35,0.0863,0.0804,0.1048,0.2328,0.2535,0.2234,0.3743,0.3864,0.4156
NW_006803950.1,1000001,1500000,1283203,33,0.0283,0.0913,0.0465,0.2438,0.458,0.4435,0.4329,0.8008,0.7166
NW_006803950.1,3500001,4000000,3733249,31,0.0936,0.0962,0.0932,0.3075,0.2755,0.258,0.4205,0.4373,0.458
NW_006803950.1,4500001,5000000,4755766,39,0.0947,0.0575,0.0984,0.3161,0.3346,0.4388,0.5467,0.4931,0.7047
NW_006803950.1,5000001,5500000,5273505,35,0.0281,0.0777,0.1091,0.2441,0.3567,0.4389,0.4794,0.5665,0.652
NW_006803950.1,5500001,6000000,5718111,36,0.0508,0.0481,0.1168,0.2314,0.5179,0.4747,0.5499,0.6348,0.7163
NW_006803950.1,6000001,6500000,6238860,31,0.1333,0.0678,0.121,0.1609,0.437,0.4049,0.1959,0.4982,0.6298
NW_006803950.1,6500001,7000000,6770912,30,0.1209,0.1072,0.1253,0.3493,0.3757,0.3414,0.4113,0.4477,0.4912
NW_006803951.1,500001,1000000,742685,36,0.0725,0.052,0.0743,0.165,0.4804,0.4084,0.3743,0.6872,0.7352
NW_006803951.1,1000001,1500000,1241271,37,0.0592,0.0737,0.0692,0.1357,0.4574,0.4559,0.2421,0.7018,0.7245
NW_006803951.1,1500001,2000000,1773854,43,0.0652,0.0631,0.0964,0.2679,0.4036,0.2716,0.5114,0.5931,0.551
NW_006803951.1,2000001,2500000,2254642,38,0.0118,0.0951,0.104,0.2234,0.3978,0.4956,0.4144,0.6293,0.6635
NW_006803951.1,5500001,6000000,5776085,31,0.1134,0.0425,0.1303,0.175,0.3306,0.3322,0.3588,0.3978,0.6057
NW_006803951.1,6500001,7000000,6744847,34,0.0296,0.0483,0.1129,0.1956,0.4117,0.4134,0.5344,0.5985,0.686
NW_006803953.1,6000001,6500000,6248797,30,0.1006,0.0354,0.1202,0.1734,0.4208,0.4749,0.4151,0.5179,0.7352
NW_006803954.1,500001,1000000,783650,31,0.0639,0.0606,0.0771,0.2615,0.4555,0.5829,0.5151,0.6756,0.7895
NW_006803955.1,2500001,3000000,2717989,32,0.0301,0.0491,0.1416,0.1514,0.4683,0.468,0.4465,0.5758,0.6776
NW_006803955.1,3000001,3500000,3232900,32,0.113,0.0596,0.0594,0.2766,0.4599,0.4068,0.4691,0.6695,0.7415
NW_006803955.1,7000001,7500000,7245270,36,0.0318,0.0607,0.1226,0.3151,0.4167,0.4997,0.6153,0.578,0.6995
NW_006803956.1,2500001,3000000,2718907,32,0.0574,0.0528,0.0838,0.2437,0.422,0.3792,0.5338,0.6455,0.6997
NW_006803956.1,4500001,5000000,4740389,30,0.1245,0.0389,0.0342,0.2839,0.4805,0.4652,0.5408,0.7339,0.8507
NW_006803956.1,5000001,5500000,5223726,30,0.0508,0.1071,0.1217,0.2819,0.3988,0.4358,0.409,0.5471,0.5828
NW_006803956.1,5500001,6000000,5781036,31,0.1126,0.0951,0.0506,0.3363,0.2833,0.3028,0.435,0.5454,0.5955
NW_006803956.1,7000001,7500000,7217700,31,0.1136,0.0821,0.0836,0.2727,0.3627,0.3843,0.3924,0.5349,0.6418
NW_006803957.1,1,500000,230882,30,0.1128,0.0752,0.0806,0.3101,0.3998,0.3907,0.4605,0.5754,0.6652
NW_006803957.1,1500001,2000000,1764120,32,0.0613,0.0877,0.1915,0.2942,0.4767,0.5152,0.4654,0.4702,0.5861
NW_006803957.1,2500001,3000000,2741276,34,0.1211,0.056,0.0744,0.303,0.347,0.3484,0.5036,0.534,0.6865
NW_006803958.1,1000001,1500000,1257344,33,0.0692,0.0729,0.1175,0.1934,0.3876,0.4761,0.3565,0.5279,0.6724
NW_006803958.1,4000001,4500000,4214818,31,0.0547,0.0189,0.073,0.2527,0.391,0.5348,0.73,0.6564,0.8537
NW_006803958.1,4500001,5000000,4744053,40,0.0601,0.0822,0.0503,0.2403,0.3714,0.4024,0.4152,0.7042,0.7052
NW_006803958.1,5500001,6000000,5771283,33,0.1016,0.0315,0.0759,0.2142,0.4515,0.4315,0.5145,0.6361,0.7888
NW_006803958.1,6000001,6500000,6250150,30,0.1069,0.116,0.0795,0.2029,0.4922,0.4781,0.2072,0.6469,0.6493
NW_006803959.1,2500001,3000000,2745353,33,0.0259,0.0649,0.0999,0.3677,0.435,0.5011,0.648,0.6482,0.7218
NW_006803960.1,4500001,5000000,4755177,34,0.0367,0.0903,0.0694,0.23,0.4158,0.3474,0.4058,0.7037,0.6168
NW_006803961.1,1500001,2000000,1771340,33,0.0834,0.0591,0.1348,0.2206,0.4304,0.579,0.4328,0.5134,0.7242
NW_006803961.1,2500001,3000000,2738199,30,0.11,0.0572,0.1075,0.1315,0.4618,0.3941,0.1876,0.5653,0.663
NW_006803961.1,3000001,3500000,3256266,37,0.0897,0.0929,0.1168,0.2753,0.3069,0.3179,0.3943,0.4252,0.5049
NW_006803961.1,5000001,5500000,5283464,32,0.135,0.0817,0.0837,0.2625,0.3431,0.3191,0.3528,0.4893,0.5849
NW_006803962.1,1,500000,252229,37,0.0905,0.1123,0.0928,0.2499,0.2735,0.3444,0.31,0.44,0.5328
NW_006803962.1,1000001,1500000,1314009,30,0.1003,0.0364,0.0765,0.3132,0.357,0.4211,0.6191,0.5637,0.772
NW_006803962.1,1500001,2000000,1786383,37,0.0589,0.0656,0.1038,0.1724,0.2964,0.2981,0.3589,0.4822,0.5634
NW_006803962.1,2500001,3000000,2736125,30,0.117,0.0271,0.0373,0.3399,0.6809,0.481,0.66,0.805,0.8758
NW_006803962.1,4000001,4500000,4292785,41,0.0874,0.0397,0.0698,0.2048,0.4466,0.5077,0.4838,0.6632,0.8105
NW_006803962.1,5500001,6000000,5734786,32,0.0681,0.0454,0.0952,0.4374,0.3548,0.6006,0.7135,0.5526,0.7983
NW_006803962.1,6500001,7000000,6747383,31,0.042,0.0585,0.1342,0.2056,0.4181,0.4399,0.479,0.5445,0.6532
NW_006803963.1,1000001,1500000,1238266,44,0.1089,0.1192,0.1021,0.3048,0.386,0.4102,0.3471,0.5182,0.5678
NW_006803963.1,1500001,2000000,1715777,35,0.0804,0.0631,0.1148,0.1606,0.3152,0.3541,0.3036,0.4504,0.607
NW_006803963.1,2000001,2500000,2271793,34,0.1026,0.0689,0.115,0.2996,0.354,0.4365,0.4799,0.4664,0.6584
NW_006803963.1,3000001,3500000,3233333,30,0.0997,0.1254,0.104,0.2959,0.3281,0.4393,0.3324,0.4669,0.5779
NW_006803964.1,1500001,2000000,1785595,31,0.086,0.0396,0.0959,0.3106,0.5234,0.5635,0.6232,0.6488,0.7951
NW_006803964.1,2000001,2500000,2225523,30,0.1065,0.0094,0.1319,0.1463,0.4553,0.3582,0.5,0.5167,0.7024
NW_006803964.1,3500001,4000000,3747872,36,0.0839,0.1279,0.1005,0.2489,0.2996,0.3247,0.2816,0.4621,0.4702
NW_006803964.1,5000001,5500000,5248814,33,0.0749,0.0944,0.1032,0.2491,0.3018,0.2631,0.3725,0.4694,0.4519
NW_006803964.1,5500001,6000000,5736125,34,0.0332,0.077,0.1008,0.2452,0.3659,0.4924,0.4764,0.5891,0.6957
NW_006803964.1,6000001,6500000,6285408,35,0.1789,0.0624,0.0684,0.2252,0.4257,0.2723,0.2847,0.5525,0.6106
NW_006803965.1,1,500000,240534,35,0.0712,0.0599,0.0903,0.2259,0.4693,0.3902,0.4571,0.6447,0.6814
NW_006803966.1,1,500000,251077,31,0.0899,0.0355,0.0891,0.1259,0.3255,0.3269,0.3082,0.5127,0.6933
NW_006803966.1,500001,1000000,746652,30,0.056,0.1186,0.1035,0.1934,0.3841,0.4463,0.2463,0.5711,0.5946
NW_006803966.1,1000001,1500000,1276608,30,0.1004,0.0562,0.0844,0.2655,0.3895,0.3803,0.4846,0.5718,0.6921
NW_006803966.1,5000001,5500000,5229293,38,0.0553,0.0309,0.1676,0.1071,0.565,0.5324,0.3689,0.5668,0.7096
NW_006803967.1,1000001,1500000,1250713,30,0.0263,0.0905,0.1279,0.256,0.3974,0.4686,0.4537,0.5576,0.6252
NW_006803967.1,2000001,2500000,2238456,31,0.055,0.0943,0.0441,0.2763,0.3157,0.423,0.4325,0.6928,0.7026
NW_006803967.1,3000001,3500000,3264644,37,0.0637,0.0115,0.0745,0.1144,0.4067,0.4162,0.5334,0.6524,0.8305
NW_006803967.1,4000001,4500000,4294472,34,0.0555,0.1682,0.1823,0.2853,0.482,0.3811,0.2799,0.4926,0.3678
NW_006803967.1,5000001,5500000,5227207,45,0.1137,0.0717,0.0766,0.308,0.5174,0.3482,0.4674,0.6606,0.6463
NW_006803968.1,3000001,3500000,3221989,32,0.1098,0.0719,0.1127,0.2841,0.4895,0.502,0.4426,0.5737,0.6944
NW_006803968.1,3500001,4000000,3744552,30,0.0718,0.0665,0.049,0.1695,0.4176,0.5147,0.3266,0.7211,0.7912
NW_006803968.1,4500001,5000000,4768701,35,0.0782,0.067,0.1484,0.2601,0.3624,0.4009,0.4694,0.4329,0.5892
NW_006803968.1,5500001,6000000,5779778,32,0.0987,0.0382,0.116,0.2324,0.392,0.4667,0.5155,0.5042,0.7316
NW_006803969.1,3500001,4000000,3766954,34,0.0517,0.0637,0.0984,0.1123,0.4202,0.4714,0.2253,0.615,0.711
NW_006803969.1,4500001,5000000,4774667,34,0.0709,0.0333,0.1242,0.3251,0.4982,0.4196,0.686,0.5916,0.7033
NW_006803970.1,1000001,1500000,1207240,33,0.1004,0.0378,0.0783,0.3058,0.4496,0.3571,0.6056,0.6303,0.7295
NW_006803970.1,5000001,5500000,5254931,35,0.0827,0.0313,0.1107,0.277,0.4391,0.5378,0.6336,0.5689,0.782
NW_006803970.1,6000001,6500000,6272710,30,0.0485,0.0223,0.1436,0.2439,0.4003,0.4732,0.7119,0.5055,0.7265
NW_006803972.1,500001,1000000,758865,37,0.1663,0.0779,0.1235,0.422,0.3749,0.3637,0.506,0.4047,0.5721
NW_006803972.1,1000001,1500000,1269983,33,0.1665,0.0889,0.0667,0.3248,0.3155,0.322,0.3812,0.4601,0.6008
NW_006803972.1,1500001,2000000,1711779,34,0.0912,0.0851,0.1238,0.3044,0.5072,0.3974,0.4499,0.5801,0.5876
NW_006803972.1,5500001,6000000,5741806,33,0.1824,0.0845,0.1104,0.3757,0.2667,0.3238,0.4318,0.2705,0.539
NW_006803973.1,5500001,6000000,5726865,30,0.1031,0.117,0.0818,0.2671,0.2998,0.3094,0.3099,0.486,0.5019
NW_006803975.1,3000001,3500000,3262669,31,0.0632,0.0527,0.0947,0.1971,0.4118,0.3734,0.4531,0.6055,0.6779
NW_006803976.1,3000001,3500000,3303142,32,0.081,0.0559,0.0702,0.33,0.38,0.3757,0.5835,0.6218,0.7131
NW_006803976.1,3500001,4000000,3761303,30,0.0788,0.0756,0.1029,0.1532,0.409,0.4391,0.2458,0.5676,0.6647
NW_006803976.1,4000001,4500000,4231873,30,0.0154,0.0772,0.0617,0.3499,0.5669,0.553,0.6044,0.8095,0.7704
NW_006803977.1,1,500000,217661,31,0.1691,0.0529,0.1106,0.2214,0.5031,0.4033,0.3213,0.5346,0.6734
NW_006803978.1,1000001,1500000,1279166,34,0.1439,0.0799,0.0627,0.2048,0.3716,0.3688,0.2467,0.5598,0.6677
NW_006803978.1,4000001,4500000,4244115,39,0.0685,0.0689,0.0989,0.2178,0.2637,0.2771,0.4143,0.4409,0.5389
NW_006803978.1,4500001,5000000,4723294,39,0.0946,0.0641,0.1131,0.2487,0.4273,0.379,0.4407,0.5435,0.6288
NW_006803978.1,5000001,5500000,5271056,34,0.1171,0.1079,0.0969,0.3212,0.2589,0.4332,0.3831,0.3718,0.6114
NW_006803979.1,1000001,1500000,1218018,30,0.0866,0.0156,0.1448,0.1695,0.5029,0.3989,0.5647,0.5435,0.6948
NW_006803980.1,500001,1000000,766400,41,0.1041,0.0471,0.0682,0.3595,0.3718,0.4068,0.613,0.5943,0.7546
NW_006803981.1,2500001,3000000,2738261,30,0.115,0.0672,0.068,0.2183,0.4679,0.4391,0.3511,0.6509,0.7301
NW_006803981.1,3500001,4000000,3719014,31,0.11,0.1096,0.0628,0.3314,0.2193,0.2659,0.3976,0.413,0.4946
NW_006803982.1,1000001,1500000,1247013,32,0.1365,0.0585,0.0887,0.214,0.4828,0.5127,0.3393,0.5929,0.7528
NW_006803982.1,2500001,3000000,2743760,31,0.1084,0.0694,0.0678,0.2458,0.4987,0.4778,0.399,0.6756,0.7453
NW_006803983.1,1,500000,246893,34,0.0745,0.0471,0.0872,0.1614,0.4109,0.3321,0.3847,0.6107,0.672
NW_006803983.1,1500001,2000000,1741137,32,0.0564,0.0826,0.1029,0.1369,0.502,0.5103,0.2214,0.6498,0.6929
NW_006803983.1,2000001,2500000,2181853,31,0.0334,0.0478,0.1046,0.1902,0.4797,0.609,0.5209,0.6558,0.7863
NW_006803983.1,3000001,3500000,3257646,32,0.0446,0.1076,0.0698,0.2672,0.3469,0.5032,0.3963,0.6464,0.6889
NW_006803985.1,1,500000,194888,35,0.0923,0.1471,0.0791,0.4318,0.4408,0.2966,0.4281,0.6313,0.4309
NW_006803985.1,1500001,2000000,1744206,33,0.1229,0.0392,0.1037,0.2649,0.4079,0.3636,0.5175,0.5189,0.6858
NW_006803985.1,2000001,2500000,2220991,37,0.1063,0.0915,0.0888,0.3368,0.2883,0.3222,0.4514,0.4486,0.558
NW_006803985.1,3500001,4000000,3730494,32,0.083,0.0538,0.1152,0.1583,0.4024,0.3288,0.3299,0.531,0.603
NW_006803986.1,1,500000,254443,30,0.0966,0.0493,0.0841,0.2269,0.4457,0.5051,0.4609,0.6181,0.772
NW_006803986.1,4500001,5000000,4761223,36,0.1519,0.0393,0.065,0.3286,0.4846,0.3432,0.5519,0.6302,0.7415
NW_006803987.1,1000001,1500000,1197217,31,0.081,0.0438,0.117,0.1806,0.4136,0.4083,0.4298,0.5382,0.6856
NW_006803987.1,2500001,3000000,2764746,30,0.0758,0.1083,0.0844,0.259,0.3867,0.4873,0.3486,0.5978,0.6612
NW_006803987.1,4500001,5000000,4783990,32,0.0635,0.0319,0.086,0.1426,0.4468,0.3784,0.4476,0.6492,0.7436
NW_006803989.1,1,500000,197723,32,0.0646,0.027,0.1208,0.0973,0.4447,0.414,0.3273,0.5694,0.7182
NW_006803989.1,500001,1000000,706206,30,0.093,0.0393,0.1035,0.3329,0.4643,0.4633,0.6353,0.5913,0.7457
NW_006803989.1,1000001,1500000,1287392,33,0.0581,0.0614,0.0376,0.2891,0.4357,0.4918,0.552,0.7822,0.8081
NW_006803989.1,1500001,2000000,1716666,34,0.0307,0.1123,0.0926,0.3046,0.4075,0.5509,0.4422,0.6435,0.679
NW_006803989.1,2000001,2500000,2273200,36,0.051,0.0799,0.1101,0.2216,0.3721,0.3582,0.4074,0.5513,0.5835
NW_006803990.1,500001,1000000,728162,32,0.1421,0.1172,0.0545,0.3665,0.2532,0.3857,0.3876,0.4431,0.6173
NW_006803990.1,1000001,1500000,1261097,33,0.0465,0.1057,0.0964,0.2165,0.491,0.4401,0.3282,0.6675,0.6207
NW_006803990.1,1500001,2000000,1680069,30,0.1444,0.0859,0.116,0.2402,0.3443,0.3341,0.295,0.4084,0.5383
NW_006803990.1,2000001,2500000,2238148,32,0.0626,0.0505,0.1164,0.2121,0.4291,0.3397,0.4898,0.5696,0.6187
NW_006803990.1,2500001,3000000,2764750,30,0.0935,0.0851,0.0778,0.379,0.396,0.4853,0.5215,0.6013,0.7075
NW_006803990.1,4500001,5000000,4757736,32,0.09,0.0827,0.0822,0.3394,0.3041,0.4258,0.4953,0.5075,0.6716
NW_006803991.1,3000001,3500000,3253700,33,0.0345,0.0941,0.0766,0.2784,0.3983,0.4747,0.4598,0.6756,0.6878
NW_006803991.1,3500001,4000000,3780806,42,0.0339,0.0403,0.1172,0.3051,0.281,0.4499,0.6918,0.4621,0.7173
NW_006803991.1,4000001,4500000,4252529,43,0.1387,0.0663,0.1053,0.2739,0.335,0.403,0.4093,0.4264,0.6545
NW_006803991.1,4500001,5000000,4769000,37,0.0382,0.0608,0.0792,0.1487,0.4147,0.4085,0.3651,0.6745,0.7087
NW_006803993.1,2500001,3000000,2774001,30,0.07,0.0776,0.1067,0.3123,0.3548,0.4011,0.5059,0.5223,0.629
NW_006803993.1,4000001,4500000,4236798,40,0.1188,0.0473,0.0451,0.2851,0.3964,0.4076,0.5172,0.6601,0.793
NW_006803995.1,1500001,2000000,1744786,30,0.0718,0.0471,0.0653,0.2101,0.3256,0.3354,0.4861,0.6043,0.7155
NW_006803995.1,2500001,3000000,2787915,32,0.0608,0.0464,0.0808,0.1248,0.4143,0.3726,0.3206,0.6443,0.7149
NW_006803995.1,3500001,4000000,3726069,31,0.0862,0.0979,0.1369,0.3983,0.2982,0.3781,0.5113,0.3756,0.5294
NW_006803995.1,4500001,5000000,4723189,33,0.0955,0.0336,0.0688,0.4221,0.4974,0.2672,0.7175,0.6856,0.6883
NW_006803996.1,2000001,2500000,2299987,32,0.0434,0.0555,0.1058,0.337,0.4023,0.4196,0.6387,0.5934,0.6861
NW_006803996.1,2500001,3000000,2747574,32,0.0806,0.0666,0.0755,0.2173,0.4898,0.3591,0.4032,0.681,0.6684
NW_006803996.1,3000001,3500000,3273585,33,0.1618,0.0402,0.1031,0.2777,0.4098,0.3868,0.4723,0.4824,0.701
NW_006803998.1,1500001,2000000,1752887,37,0.0789,0.0643,0.0735,0.2178,0.4818,0.399,0.4153,0.6831,0.7044
NW_006803998.1,4000001,4500000,4295587,31,0.0471,0.048,0.103,0.2048,0.4269,0.4712,0.518,0.6134,0.7336
NW_006803999.1,500001,1000000,735165,30,0.0458,0.087,0.1052,0.1503,0.3709,0.3938,0.2578,0.5676,0.6076
NW_006803999.1,1500001,2000000,1740833,30,0.1525,0.1024,0.0636,0.2801,0.4564,0.3627,0.3072,0.6147,0.6141
NW_006803999.1,2500001,3000000,2724566,30,0.1035,0.094,0.1375,0.3421,0.3525,0.3201,0.4531,0.4182,0.4732
NW_006803999.1,3000001,3500000,3254035,31,0.1105,0.0591,0.0676,0.3179,0.4785,0.4227,0.5231,0.663,0.7384
NW_006803999.1,4500001,5000000,4753303,32,0.0745,0.1408,0.1114,0.4574,0.3733,0.5154,0.4725,0.5234,0.598
NW_006804000.1,1,500000,253933,40,0.09,0.0478,0.0879,0.2436,0.328,0.3117,0.5037,0.5184,0.6509
NW_006804003.1,2000001,2500000,2243725,36,0.1177,0.1494,0.1204,0.3829,0.3467,0.2969,0.3627,0.4311,0.3669
NW_006804003.1,3500001,4000000,3776271,32,0.0849,0.1626,0.0327,0.4498,0.5213,0.2606,0.42,0.7987,0.4235
NW_006804004.1,1000001,1500000,1266285,30,0.0434,0.0896,0.1326,0.1799,0.4323,0.4389,0.3155,0.5569,0.6003
NW_006804005.1,1,500000,269478,36,0.0871,0.0486,0.078,0.192,0.4087,0.3799,0.4185,0.6177,0.7194
NW_006804005.1,2000001,2500000,2257242,30,0.0602,0.093,0.1051,0.2234,0.413,0.3916,0.3569,0.5852,0.5949
NW_006804005.1,2500001,3000000,2739859,31,0.1171,0.0496,0.0807,0.3334,0.3297,0.2464,0.564,0.5045,0.5881
NW_006804005.1,4000001,4500000,4260201,37,0.0383,0.0272,0.1063,0.2977,0.4846,0.5143,0.7461,0.6501,0.7863
NW_006804005.1,5000001,5500000,5234630,43,0.0627,0.0574,0.0855,0.1823,0.3445,0.4132,0.4058,0.5754,0.709
NW_006804006.1,3000001,3500000,3298572,33,0.1015,0.0448,0.0581,0.1933,0.4404,0.3931,0.4111,0.6737,0.7695
NW_006804007.1,1,500000,212004,31,0.1205,0.0425,0.138,0.278,0.4008,0.3204,0.5248,0.4478,0.5803
NW_006804007.1,4000001,4500000,4259750,35,0.0968,0.0653,0.0948,0.275,0.2904,0.4591,0.4693,0.4485,0.7065
NW_006804008.1,1000001,1500000,1249064,36,0.078,0.0556,0.1103,0.2367,0.3408,0.443,0.4801,0.491,0.6938
NW_006804008.1,2500001,3000000,2751615,30,0.09,0.08,0.0721,0.4395,0.3271,0.3299,0.5853,0.5607,0.6192
NW_006804009.1,2000001,2500000,2213578,37,0.0434,0.048,0.1064,0.2442,0.4974,0.471,0.5792,0.6521,0.7288
NW_006804009.1,3000001,3500000,3180625,31,0.055,0.0467,0.1321,0.2751,0.4415,0.5363,0.6023,0.5534,0.7286
NW_006804009.1,5000001,5500000,5287243,31,0.066,0.0579,0.1404,0.1972,0.4101,0.4624,0.4259,0.5028,0.6602
NW_006804010.1,1,500000,271081,44,0.0826,0.0694,0.0911,0.3182,0.3647,0.3016,0.5234,0.5546,0.5814
NW_006804010.1,1000001,1500000,1261165,32,0.0681,0.0742,0.1257,0.2169,0.2537,0.3724,0.3946,0.3611,0.5841
NW_006804010.1,4000001,4500000,4283689,32,0.1008,0.0658,0.0758,0.2725,0.3608,0.3837,0.4592,0.5685,0.6876
NW_006804011.1,1000001,1500000,1233665,38,0.0895,0.0776,0.0792,0.2221,0.3217,0.3505,0.3614,0.5358,0.631
NW_006804011.1,2000001,2500000,2220933,35,0.0874,0.0405,0.068,0.2375,0.5042,0.3851,0.5319,0.6991,0.7584
NW_006804011.1,3500001,4000000,3745511,42,0.1272,0.0581,0.0915,0.343,0.397,0.4033,0.532,0.5318,0.6922
NW_006804015.1,1000001,1500000,1275963,34,0.0661,0.0356,0.1017,0.2748,0.3332,0.2934,0.6368,0.5183,0.6376
NW_006804015.1,3000001,3500000,3248606,38,0.0655,0.0469,0.0905,0.2184,0.3947,0.4457,0.511,0.6004,0.7407
NW_006804015.1,3500001,4000000,3739485,30,0.0434,0.0967,0.0775,0.2071,0.359,0.392,0.3421,0.6345,0.6281
NW_006804015.1,4500001,5000000,4720428,35,0.094,0.0484,0.106,0.2936,0.5447,0.5918,0.558,0.6327,0.7782
NW_006804016.1,1,500000,269842,30,0.1441,0.1674,0.1342,0.2914,0.2863,0.3161,0.2139,0.2998,0.3458
NW_006804016.1,2000001,2500000,2234579,33,0.1058,0.0351,0.0675,0.2383,0.496,0.3935,0.5267,0.6776,0.7764
NW_006804016.1,2500001,3000000,2785191,33,0.1536,0.0835,0.0904,0.2877,0.4061,0.284,0.3617,0.514,0.5289
NW_006804016.1,3000001,3500000,3196524,35,0.0804,0.0856,0.1371,0.2963,0.258,0.286,0.4517,0.3274,0.4458
NW_006804016.1,4500001,5000000,4765392,31,0.0697,0.084,0.1081,0.3763,0.3493,0.3939,0.5465,0.5141,0.6092
NW_006804017.1,4500001,5000000,4782772,31,0.0503,0.0439,0.0666,0.2377,0.4014,0.3875,0.5794,0.6866,0.7542
NW_006804018.1,4000001,4500000,4256185,30,0.0239,0.0809,0.0977,0.1296,0.3903,0.4623,0.266,0.6264,0.6762
NW_006804019.1,1000001,1500000,1258065,30,0.0883,0.0255,0.0446,0.2011,0.425,0.3258,0.553,0.718,0.8107
NW_006804020.1,1500001,2000000,1743121,31,0.1211,0.0458,0.0547,0.3092,0.3628,0.2955,0.5478,0.6026,0.7091
NW_006804020.1,3000001,3500000,3237279,30,0.087,0.021,0.0635,0.2489,0.4057,0.3274,0.6506,0.6539,0.7847
NW_006804021.1,1500001,2000000,1736361,37,0.0798,0.0679,0.1334,0.1967,0.5128,0.4609,0.3636,0.5756,0.6513
NW_006804021.1,2000001,2500000,2282409,35,0.1072,0.0901,0.0716,0.3252,0.433,0.4704,0.4415,0.6284,0.699
NW_006804021.1,3500001,4000000,3745949,34,0.0988,0.0416,0.0752,0.2242,0.5648,0.5286,0.4866,0.7005,0.8066
NW_006804021.1,4000001,4500000,4272709,31,0.1001,0.069,0.0833,0.2017,0.4739,0.409,0.3373,0.6345,0.6861
NW_006804023.1,1,500000,300123,31,0.0951,0.0876,0.1113,0.2791,0.3461,0.4767,0.4076,0.4749,0.6559
NW_006804023.1,500001,1000000,739269,32,0.115,0.0621,0.119,0.2361,0.4355,0.3791,0.3986,0.5182,0.6239
NW_006804023.1,1000001,1500000,1238539,46,0.1176,0.1048,0.1328,0.3411,0.3207,0.3342,0.4116,0.3767,0.4766
NW_006804023.1,2500001,3000000,2767198,30,0.0878,0.0839,0.0959,0.3981,0.3762,0.6179,0.5464,0.5471,0.7451
NW_006804023.1,3000001,3500000,3249639,31,0.1266,0.097,0.093,0.3022,0.4626,0.3465,0.3765,0.5799,0.5647
NW_006804023.1,4000001,4500000,4248719,41,0.034,0.0976,0.1012,0.3202,0.332,0.5473,0.4947,0.5577,0.6897
NW_006804024.1,500001,1000000,756996,35,0.0839,0.0305,0.1053,0.2328,0.3812,0.3682,0.5822,0.5339,0.7068
NW_006804024.1,3000001,3500000,3248344,31,0.0809,0.052,0.1081,0.1765,0.387,0.3128,0.3832,0.5357,0.6036
NW_006804027.1,3500001,4000000,3742589,34,0.1624,0.081,0.1369,0.3035,0.3439,0.2908,0.3791,0.3502,0.4623
NW_006804027.1,4000001,4500000,4273560,35,0.0857,0.1333,0.0901,0.315,0.2885,0.2948,0.3516,0.4732,0.4381
NW_006804028.1,1000001,1500000,1247839,30,0.0921,0.0745,0.1079,0.1916,0.4595,0.4627,0.312,0.5799,0.6742
NW_006804028.1,4000001,4500000,4236049,32,0.0749,0.1391,0.0877,0.358,0.2929,0.3581,0.3936,0.5,0.505
NW_006804029.1,1,500000,266856,30,0.0718,0.0952,0.1065,0.305,0.4235,0.54,0.4442,0.5776,0.6838
NW_006804029.1,500001,1000000,736372,34,0.087,0.1138,0.1091,0.3624,0.4444,0.5052,0.441,0.5719,0.6338
NW_006804029.1,1000001,1500000,1254449,33,0.0757,0.0818,0.096,0.2252,0.3196,0.3068,0.3724,0.5067,0.55
NW_006804030.1,500001,1000000,720647,32,0.0444,0.0364,0.0942,0.4073,0.3539,0.4323,0.7592,0.5829,0.7498
NW_006804031.1,2000001,2500000,2261956,31,0.0767,0.0465,0.0788,0.2593,0.3934,0.4261,0.5511,0.6163,0.7491
NW_006804032.1,1500001,2000000,1758670,34,0.1442,0.0649,0.1749,0.2446,0.4299,0.4842,0.3615,0.3923,0.619
NW_006804032.1,4000001,4500000,4263930,46,0.0865,0.0597,0.0927,0.2035,0.3849,0.4291,0.3956,0.5636,0.703
NW_006804033.1,500001,1000000,739415,42,0.1064,0.0713,0.0703,0.1793,0.3444,0.3012,0.2739,0.5611,0.6152
NW_006804033.1,1000001,1500000,1212682,32,0.1125,0.088,0.1024,0.2026,0.2968,0.3241,0.2648,0.4179,0.5452
NW_006804033.1,2000001,2500000,2317517,30,0.1088,0.0981,0.1521,0.256,0.2632,0.3016,0.3321,0.2731,0.4191
NW_006804033.1,3500001,4000000,3767825,34,0.1275,0.032,0.075,0.219,0.4837,0.3747,0.4712,0.6317,0.7607
NW_006804034.1,500001,1000000,770707,31,0.102,0.0117,0.0729,0.1805,0.5269,0.464,0.5761,0.685,0.8491
NW_006804035.1,3500001,4000000,3789580,30,0.0653,0.0177,0.1056,0.139,0.4558,0.5124,0.539,0.6081,0.8043
NW_006804036.1,3500001,4000000,3738922,31,0.0625,0.0561,0.067,0.2452,0.4217,0.468,0.5138,0.6834,0.7672
NW_006804039.1,1,500000,208134,31,0.0831,0.052,0.0609,0.1712,0.4593,0.421,0.3679,0.6981,0.7632
NW_006804040.1,2000001,2500000,2264433,33,0.0168,0.0651,0.0842,0.1876,0.4728,0.5761,0.4636,0.7167,0.7717
NW_006804040.1,3500001,4000000,3791967,35,0.0873,0.0485,0.1117,0.2704,0.442,0.4685,0.5405,0.5645,0.7193
NW_006804040.1,4000001,4500000,4237752,31,0.115,0.0468,0.1022,0.2011,0.5849,0.4334,0.3937,0.6425,0.717
NW_006804042.1,2500001,3000000,2731058,32,0.139,0.0457,0.1001,0.2003,0.4474,0.4543,0.354,0.5419,0.7336
NW_006804043.1,1000001,1500000,1230399,36,0.0748,0.0663,0.101,0.1764,0.4204,0.4875,0.3369,0.5847,0.7113
NW_006804043.1,2000001,2500000,2257277,35,0.0765,0.0642,0.0688,0.1888,0.4591,0.4288,0.3674,0.6848,0.7294
NW_006804044.1,1,500000,282357,32,0.0196,0.0832,0.0882,0.2657,0.5454,0.57,0.4983,0.7361,0.7363
NW_006804044.1,3000001,3500000,3253503,32,0.0924,0.0203,0.1073,0.1659,0.4606,0.3852,0.5074,0.5816,0.738
NW_006804045.1,2500001,3000000,2720871,30,0.0449,0.0383,0.1108,0.1695,0.4203,0.4044,0.5133,0.5934,0.7042
NW_006804045.1,3000001,3500000,3294223,33,0.0733,0.0687,0.1301,0.2732,0.5111,0.4609,0.4869,0.5861,0.6542
NW_006804046.1,1,500000,246951,30,0.091,0.0698,0.0728,0.2914,0.517,0.3448,0.4822,0.6908,0.6544
NW_006804046.1,500001,1000000,756879,31,0.0688,0.0357,0.0898,0.1831,0.5648,0.5636,0.5022,0.6965,0.8094
NW_006804046.1,1000001,1500000,1253429,34,0.0526,0.0567,0.0752,0.1829,0.4671,0.4078,0.4282,0.6987,0.7232
NW_006804046.1,2500001,3000000,2760154,33,0.0692,0.0333,0.0955,0.1102,0.2947,0.2408,0.3217,0.4885,0.5954
NW_006804047.1,1,500000,191597,30,0.1232,0.0171,0.1048,0.2487,0.3566,0.3047,0.6031,0.4685,0.6925
NW_006804047.1,1000001,1500000,1236489,32,0.0864,0.0864,0.0738,0.2899,0.4407,0.4567,0.4347,0.6506,0.6951
NW_006804047.1,1500001,2000000,1759154,42,0.0998,0.0381,0.0522,0.1511,0.5698,0.5428,0.347,0.7523,0.8477
NW_006804047.1,2000001,2500000,2236889,36,0.1161,0.0417,0.0798,0.1085,0.4373,0.3449,0.146,0.602,0.7088
NW_006804047.1,4000001,4500000,4264209,30,0.0832,0.0385,0.1354,0.2097,0.4191,0.4313,0.5059,0.5035,0.6834
NW_006804048.1,1000001,1500000,1252982,31,0.0499,0.0397,0.1673,0.2558,0.385,0.5225,0.6228,0.4467,0.6908
NW_006804048.1,3500001,4000000,3738239,32,0.1043,0.0262,0.0953,0.3416,0.4834,0.3889,0.6833,0.6099,0.7469
NW_006804049.1,1,500000,265505,37,0.0333,0.092,0.1403,0.2083,0.319,0.4905,0.3719,0.452,0.6219
NW_006804049.1,1500001,2000000,1746943,33,0.094,0.0447,0.1459,0.1259,0.511,0.5049,0.253,0.5409,0.6999
NW_006804049.1,2000001,2500000,2259471,31,0.0876,0.0219,0.1445,0.2477,0.3838,0.4913,0.643,0.4516,0.7349
NW_006804049.1,4000001,4500000,4263069,30,0.1048,0.0605,0.146,0.2048,0.5493,0.5417,0.3652,0.5553,0.6925
NW_006804051.1,1,500000,278050,30,0.0818,0.0708,0.0985,0.2607,0.2402,0.3269,0.4519,0.3883,0.5916
NW_006804051.1,1000001,1500000,1208361,34,0.0631,0.092,0.1128,0.2367,0.3177,0.366,0.3761,0.4785,0.5631
NW_006804051.1,1500001,2000000,1755273,32,0.0741,0.0947,0.117,0.2265,0.285,0.3582,0.3386,0.4165,0.5442
NW_006804052.1,1,500000,277448,39,0.0583,0.0731,0.0734,0.2602,0.4363,0.594,0.4752,0.68,0.7776
NW_006804052.1,500001,1000000,733940,32,0.1416,0.0735,0.0861,0.3188,0.3932,0.2546,0.442,0.5248,0.522
NW_006804052.1,2000001,2500000,2268297,30,0.0629,0.0541,0.1247,0.089,0.476,0.5025,0.1513,0.584,0.7095
NW_006804052.1,2500001,3000000,2779121,37,0.1175,0.0209,0.1117,0.2212,0.4358,0.3225,0.5527,0.5305,0.6838
NW_006804053.1,1500001,2000000,1753955,30,0.1009,0.0965,0.0457,0.4042,0.4172,0.4001,0.506,0.6945,0.6815
NW_006804053.1,3500001,4000000,3748660,30,0.1217,0.0766,0.0796,0.434,0.3604,0.3172,0.5608,0.5328,0.6016
NW_006804054.1,2000001,2500000,2225978,30,0.1023,0.0456,0.1254,0.2402,0.4133,0.3892,0.4878,0.4998,0.6554
NW_006804055.1,3000001,3500000,3286207,32,0.1157,0.0714,0.0783,0.1985,0.3842,0.3827,0.2992,0.5647,0.6708
NW_006804058.1,1000001,1500000,1254831,33,0.0609,0.0652,0.1514,0.2373,0.3762,0.4569,0.4692,0.4575,0.6299
NW_006804059.1,1000001,1500000,1265226,38,0.0834,0.0397,0.1113,0.2593,0.2952,0.4272,0.5716,0.4312,0.7143
NW_006804059.1,2000001,2500000,2297101,36,0.0539,0.0627,0.0775,0.2886,0.5314,0.5623,0.5522,0.7223,0.7786
NW_006804060.1,1,500000,236403,31,0.132,0.0491,0.1304,0.3991,0.2958,0.3553,0.6053,0.3338,0.6125
NW_006804060.1,500001,1000000,725987,36,0.0554,0.0299,0.1344,0.2149,0.4159,0.4662,0.6162,0.5296,0.7213
NW_006804060.1,1000001,1500000,1243858,33,0.1182,0.0917,0.1291,0.2242,0.4488,0.5075,0.2865,0.5064,0.6458
NW_006804060.1,2500001,3000000,2737496,36,0.1186,0.0343,0.1143,0.3179,0.5468,0.4458,0.6067,0.5976,0.731
NW_006804060.1,4000001,4500000,4261865,33,0.0727,0.0397,0.056,0.3369,0.3137,0.3754,0.6645,0.6218,0.7763
NW_006804061.1,500001,1000000,760474,30,0.126,0.0563,0.0536,0.2802,0.3382,0.359,0.4679,0.5765,0.7305
NW_006804061.1,1000001,1500000,1244798,32,0.1019,0.0672,0.0567,0.1963,0.3095,0.2964,0.3298,0.572,0.6469
NW_006804061.1,2000001,2500000,2205273,31,0.0676,0.024,0.1115,0.2178,0.5156,0.4839,0.6318,0.6292,0.7731
NW_006804063.1,1,500000,274257,30,0.0621,0.1064,0.0786,0.4327,0.3611,0.5334,0.5385,0.6094,0.6954
NW_006804064.1,500001,1000000,762295,33,0.0984,0.1071,0.1334,0.2598,0.2887,0.2785,0.3275,0.3566,0.3974
NW_006804064.1,2500001,3000000,2748531,32,0.1747,0.0431,0.0793,0.3412,0.3774,0.277,0.5221,0.4885,0.6465
NW_006804064.1,3000001,3500000,3240981,34,0.0765,0.1407,0.1159,0.3439,0.2859,0.2712,0.3753,0.4173,0.3498
NW_006804065.1,1,500000,239989,30,0.0571,0.0448,0.0941,0.2034,0.4192,0.4393,0.5131,0.6187,0.7365
NW_006804065.1,3000001,3500000,3210550,33,0.0835,0.0326,0.0683,0.2747,0.3067,0.4316,0.6234,0.5596,0.7985
NW_006804065.1,3500001,4000000,3748036,31,0.0579,0.0692,0.0946,0.1872,0.5489,0.5865,0.3765,0.6892,0.757
NW_006804066.1,1,500000,255876,43,0.1422,0.0173,0.0974,0.2082,0.3196,0.1631,0.498,0.4215,0.5084
NW_006804066.1,500001,1000000,768089,34,0.082,0.0604,0.1154,0.1431,0.4629,0.437,0.2663,0.5764,0.6739
NW_006804067.1,1,500000,236998,35,0.1042,0.0741,0.0701,0.2331,0.3677,0.3913,0.3697,0.5856,0.6842
NW_006804069.1,1,500000,231906,35,0.0548,0.0644,0.0668,0.2114,0.4074,0.4943,0.4425,0.6844,0.7632
NW_006804069.1,3500001,4000000,3775124,31,0.1092,0.0565,0.0692,0.1949,0.3603,0.2972,0.3528,0.5753,0.651
NW_006804070.1,1,500000,225932,31,0.0977,0.0852,0.1521,0.2942,0.484,0.4658,0.4301,0.5094,0.6022
NW_006804070.1,500001,1000000,771255,37,0.0449,0.096,0.0706,0.2936,0.4667,0.4065,0.4594,0.7183,0.6501
NW_006804070.1,1500001,2000000,1783600,30,0.0455,0.0693,0.0549,0.1519,0.5255,0.5855,0.3237,0.7832,0.8025
NW_006804070.1,3000001,3500000,3227220,32,0.0852,0.0802,0.1156,0.2586,0.3527,0.4032,0.4144,0.4829,0.6131
NW_006804071.1,3500001,4000000,3772304,30,0.0693,0.0585,0.1215,0.1553,0.476,0.5124,0.3296,0.5846,0.7109
NW_006804072.1,1,500000,267908,31,0.1456,0.0783,0.0852,0.3401,0.2446,0.4054,0.448,0.3372,0.6622
NW_006804072.1,500001,1000000,754792,30,0.1369,0.0722,0.0952,0.2968,0.4099,0.3773,0.4246,0.5243,0.6387
NW_006804073.1,1500001,2000000,1791642,32,0.1234,0.0972,0.0889,0.3185,0.4013,0.4923,0.3988,0.5454,0.6766
NW_006804073.1,2500001,3000000,2748706,30,0.0607,0.0451,0.1111,0.2479,0.5135,0.4708,0.5691,0.6352,0.7277
NW_006804073.1,3000001,3500000,3249577,30,0.1098,0.1362,0.0505,0.3328,0.3047,0.3636,0.3435,0.5749,0.5684
NW_006804073.1,3500001,4000000,3718366,33,0.1249,0.0611,0.0464,0.3119,0.4495,0.5189,0.4917,0.6837,0.806
NW_006804074.1,1500001,2000000,1753973,35,0.0228,0.073,0.1169,0.2176,0.5013,0.4905,0.468,0.651,0.681
NW_006804074.1,2500001,3000000,2769817,31,0.0581,0.0178,0.0691,0.2236,0.5483,0.5049,0.7008,0.7445,0.8535
NW_006804074.1,3000001,3500000,3251690,32,0.0713,0.0496,0.1267,0.1583,0.4432,0.4309,0.372,0.55,0.6744
NW_006804075.1,1000001,1500000,1224121,35,0.0178,0.0632,0.1183,0.1666,0.4716,0.5867,0.4319,0.6364,0.7395
NW_006804075.1,1500001,2000000,1765888,30,0.0663,0.0652,0.0747,0.2879,0.463,0.3331,0.5259,0.6833,0.6519
NW_006804076.1,1500001,2000000,1742220,33,0.1422,0.0757,0.0561,0.3187,0.3609,0.3181,0.4349,0.5698,0.6472
NW_006804077.1,500001,1000000,755233,41,0.06,0.0747,0.1387,0.1625,0.2931,0.3948,0.3023,0.3953,0.5837
NW_006804077.1,1000001,1500000,1253402,31,0.0423,0.0808,0.0673,0.203,0.4225,0.3885,0.387,0.7069,0.6727
NW_006804078.1,500001,1000000,709335,31,0.0601,0.0715,0.0879,0.3161,0.3418,0.4631,0.5414,0.5696,0.7067
NW_006804079.1,1,500000,256581,30,0.1291,0.06,0.0714,0.2166,0.5932,0.592,0.3505,0.6939,0.7999
NW_006804079.1,500001,1000000,757737,34,0.0594,0.0507,0.059,0.3526,0.3734,0.4526,0.6495,0.6792,0.7833
NW_006804079.1,1000001,1500000,1263718,31,0.0939,0.0896,0.1438,0.2138,0.4885,0.4027,0.3058,0.5298,0.5567
NW_006804079.1,2000001,2500000,2247238,41,0.1029,0.0968,0.1074,0.2279,0.4151,0.4326,0.2991,0.5376,0.6164
NW_006804079.1,3000001,3500000,3216032,31,0.1329,0.062,0.0513,0.3244,0.3504,0.3779,0.4932,0.5857,0.7328
NW_006804079.1,3500001,4000000,3767504,39,0.1219,0.0465,0.0508,0.2831,0.451,0.5213,0.5134,0.6764,0.8281
NW_006804081.1,1,500000,290434,30,0.0666,0.0618,0.0991,0.2063,0.4098,0.3873,0.4251,0.5898,0.6615
NW_006804081.1,2500001,3000000,2706279,34,0.0541,0.0827,0.0969,0.2031,0.4167,0.3719,0.3636,0.6134,0.6103
NW_006804081.1,3000001,3500000,3208862,31,0.0722,0.0263,0.0961,0.2636,0.3991,0.3369,0.6634,0.5828,0.7112
NW_006804082.1,1,500000,268296,35,0.0349,0.0381,0.0755,0.1737,0.4552,0.5148,0.545,0.7108,0.8081
NW_006804082.1,2000001,2500000,2284919,38,0.0851,0.0601,0.1025,0.1612,0.4699,0.4309,0.3076,0.6046,0.689
NW_006804083.1,1,500000,281138,32,0.0855,0.1,0.0557,0.2685,0.3589,0.2295,0.3717,0.6438,0.4771
NW_006804083.1,500001,1000000,719390,33,0.0482,0.0804,0.1297,0.3843,0.346,0.2991,0.5857,0.4861,0.4866
NW_006804083.1,1000001,1500000,1225304,43,0.127,0.1166,0.0773,0.3638,0.3178,0.4293,0.3997,0.4872,0.6193
NW_006804083.1,2500001,3000000,2707062,30,0.117,0.131,0.0484,0.4151,0.4509,0.4313,0.4257,0.6882,0.634
NW_006804084.1,1,500000,289360,31,0.0475,0.0718,0.0798,0.1447,0.3655,0.3785,0.2933,0.6279,0.6647
NW_006804084.1,500001,1000000,743215,30,0.1453,0.0599,0.0552,0.2567,0.3668,0.3492,0.3952,0.5736,0.712
NW_006804084.1,3500001,4000000,3764798,31,0.0676,0.0846,0.143,0.3291,0.415,0.4174,0.5042,0.5004,0.5787
NW_006804086.1,1,500000,229984,30,0.1029,0.0721,0.1075,0.2083,0.3143,0.3908,0.3351,0.4394,0.6307
NW_006804086.1,1000001,1500000,1243295,32,0.0648,0.0382,0.0929,0.2213,0.5665,0.5059,0.5602,0.6943,0.7809
NW_006804087.1,1,500000,255801,41,0.1728,0.1086,0.0847,0.3598,0.3291,0.3751,0.3708,0.4252,0.5811
NW_006804088.1,1000001,1500000,1263376,34,0.0647,0.0609,0.1105,0.1992,0.3967,0.4906,0.4192,0.5555,0.7099
NW_006804088.1,2500001,3000000,2766330,31,0.0572,0.0717,0.1131,0.2411,0.4407,0.4405,0.4561,0.5901,0.6586
NW_006804088.1,3000001,3500000,3223376,30,0.1311,0.0417,0.1118,0.298,0.434,0.3661,0.5369,0.5158,0.6684
NW_006804089.1,1,500000,244574,33,0.1195,0.1311,0.067,0.3328,0.3428,0.4389,0.3447,0.5515,0.6147
NW_006804090.1,1000001,1500000,1259288,38,0.0846,0.0459,0.0868,0.1642,0.3295,0.3153,0.3759,0.5297,0.6612
NW_006804091.1,1,500000,202112,30,0.0835,0.1157,0.0422,0.2878,0.4357,0.444,0.3599,0.7366,0.6774
NW_006804091.1,1000001,1500000,1226560,43,0.0568,0.0792,0.1017,0.1904,0.3749,0.3819,0.3485,0.5672,0.6184
NW_006804091.1,1500001,2000000,1739051,41,0.156,0.0361,0.106,0.2536,0.351,0.293,0.4614,0.4236,0.6272
NW_006804092.1,2500001,3000000,2739561,30,0.0285,0.0778,0.1515,0.2625,0.3087,0.3681,0.5016,0.4223,0.5354
NW_006804093.1,3500001,4000000,3764831,35,0.0267,0.0518,0.1255,0.1767,0.4787,0.4792,0.4898,0.6171,0.7004
NW_006804095.1,1,500000,278543,32,0.1202,0.0334,0.0629,0.1864,0.4999,0.3913,0.4135,0.6759,0.7874
NW_006804096.1,1,500000,288726,31,0.094,0.0561,0.1214,0.2262,0.2611,0.2774,0.4366,0.3485,0.5277
NW_006804096.1,1000001,1500000,1239988,33,0.0916,0.0794,0.0828,0.4729,0.2811,0.4762,0.6071,0.4758,0.7062
NW_006804096.1,2000001,2500000,2263541,32,0.0472,0.1013,0.1311,0.2808,0.3883,0.5591,0.4273,0.5222,0.6573
NW_006804096.1,3500001,4000000,3745008,36,0.141,0.0111,0.0646,0.2736,0.43,0.4199,0.6349,0.6061,0.8501
NW_006804097.1,1500001,2000000,1749162,32,0.1358,0.0309,0.0741,0.1961,0.414,0.2729,0.415,0.5768,0.6901
NW_006804098.1,1500001,2000000,1784334,31,0.0728,0.1358,0.089,0.2529,0.3137,0.414,0.2825,0.5227,0.56
NW_006804099.1,1500001,2000000,1795105,33,0.0441,0.0704,0.0687,0.2137,0.3516,0.3498,0.4398,0.654,0.6642
NW_006804099.1,2000001,2500000,2236974,42,0.0618,0.0881,0.0689,0.2904,0.3742,0.5194,0.4594,0.6473,0.73
NW_006804100.1,1000001,1500000,1261050,33,0.1433,0.0612,0.089,0.3368,0.47,0.3396,0.4968,0.577,0.6416
NW_006804101.1,1000001,1500000,1252314,31,0.1194,0.0778,0.0608,0.218,0.4862,0.3619,0.3116,0.6741,0.6701
NW_006804104.1,2000001,2500000,2224971,32,0.0408,0.0818,0.0905,0.2413,0.4255,0.4838,0.444,0.6494,0.696
NW_006804104.1,2500001,3000000,2685497,32,0.0736,0.0844,0.0846,0.2554,0.4419,0.3856,0.4119,0.6387,0.6367
NW_006804104.1,3000001,3500000,3292828,33,0.0594,0.0254,0.0925,0.148,0.4739,0.4601,0.5171,0.6541,0.788
NW_006804105.1,2500001,3000000,2762918,31,0.0934,0.0261,0.065,0.2248,0.539,0.4966,0.5764,0.7164,0.8403
NW_006804105.1,3000001,3500000,3218358,33,0.1248,0.1086,0.0739,0.1783,0.4489,0.4601,0.1525,0.6146,0.6578
NW_006804106.1,1000001,1500000,1295404,34,0.031,0.0544,0.0896,0.1919,0.5345,0.5071,0.495,0.718,0.7564
NW_006804106.1,2000001,2500000,2226816,41,0.0775,0.0475,0.1386,0.2458,0.3934,0.4873,0.5281,0.4812,0.6952
NW_006804106.1,2500001,3000000,2714521,31,0.1246,0.077,0.0889,0.307,0.3929,0.4258,0.4377,0.537,0.6731
NW_006804108.1,1500001,2000000,1785705,30,0.1676,0.0509,0.1508,0.3274,0.4682,0.2838,0.4896,0.4423,0.4943
NW_006804108.1,2500001,3000000,2695070,30,0.073,0.0538,0.1202,0.2554,0.3611,0.3785,0.5211,0.4944,0.6386
NW_006804110.1,2000001,2500000,2260914,43,0.0809,0.0195,0.1391,0.1552,0.3829,0.3496,0.5192,0.4674,0.6591
NW_006804111.1,1,500000,214819,30,0.0693,0.0759,0.1142,0.3192,0.5257,0.4413,0.5192,0.628,0.6499
NW_006804111.1,1500001,2000000,1743139,37,0.1242,0.0462,0.094,0.2053,0.3618,0.369,0.3882,0.4969,0.6905
NW_006804111.1,2000001,2500000,2246389,34,0.1187,0.0533,0.0591,0.3091,0.4116,0.3765,0.5231,0.632,0.7386
NW_006804113.1,1000001,1500000,1234691,33,0.0693,0.0648,0.0931,0.2697,0.3421,0.3767,0.5016,0.5447,0.6568
NW_006804114.1,2500001,3000000,2739903,30,0.0616,0.1711,0.0907,0.2998,0.2401,0.3071,0.2864,0.4401,0.3855
NW_006804116.1,1000001,1500000,1257450,33,0.0755,0.0437,0.0776,0.1717,0.3847,0.4412,0.4222,0.6144,0.7644
NW_006804116.1,2500001,3000000,2748776,37,0.078,0.0418,0.1135,0.2921,0.4643,0.4188,0.6071,0.5849,0.7016
NW_006804117.1,2000001,2500000,2237289,34,0.0837,0.1375,0.0889,0.3184,0.2208,0.2348,0.3486,0.3797,0.3372
NW_006804117.1,2500001,3000000,2717406,30,0.1112,0.1442,0.0769,0.4685,0.3269,0.2585,0.447,0.5189,0.3842
NW_006804118.1,1000001,1500000,1231279,35,0.0468,0.0279,0.1532,0.1329,0.5087,0.4091,0.4965,0.5652,0.6633
NW_006804118.1,2000001,2500000,2201323,34,0.1214,0.0376,0.0732,0.1604,0.5226,0.4798,0.3271,0.6635,0.7997
NW_006804119.1,1000001,1500000,1288223,30,0.1276,0.1371,0.1023,0.2482,0.3544,0.3538,0.2186,0.4667,0.484
NW_006804120.1,1,500000,243163,31,0.0651,0.0694,0.0877,0.2562,0.4725,0.4791,0.4735,0.6587,0.7191
NW_006804120.1,1000001,1500000,1253144,32,0.0663,0.067,0.0803,0.1078,0.4557,0.472,0.1675,0.6652,0.7299
NW_006804120.1,1500001,2000000,1747948,38,0.0442,0.048,0.1556,0.2376,0.4374,0.398,0.5697,0.5156,0.612
NW_006804122.1,1,500000,247236,35,0.1106,0.0458,0.0839,0.2088,0.3407,0.3135,0.4206,0.5162,0.6654
NW_006804122.1,1500001,2000000,1736411,32,0.0915,0.0645,0.0949,0.2611,0.2465,0.2414,0.4611,0.3937,0.5079
NW_006804122.1,2000001,2500000,2283100,38,0.0815,0.0554,0.1095,0.1406,0.3831,0.429,0.2799,0.5286,0.6869
NW_006804123.1,500001,1000000,784263,30,0.1039,0.0392,0.1078,0.232,0.4167,0.4886,0.5013,0.5368,0.7516
NW_006804123.1,2500001,3000000,2772821,30,0.0733,0.0809,0.0614,0.4195,0.4544,0.4147,0.5848,0.7049,0.6986
NW_006804124.1,1000001,1500000,1258654,32,0.0233,0.0778,0.125,0.2396,0.3486,0.4573,0.4799,0.5267,0.6428
NW_006804124.1,3000001,3500000,3266209,37,0.0783,0.035,0.1054,0.2139,0.3967,0.4406,0.5408,0.5528,0.7401
NW_006804125.1,1000001,1500000,1285479,30,0.1092,0.02,0.0703,0.246,0.3795,0.4625,0.6101,0.589,0.8344
NW_006804126.1,500001,1000000,738949,37,0.1164,0.1016,0.0586,0.3555,0.2784,0.4139,0.4349,0.5075,0.6617
NW_006804126.1,2000001,2500000,2263251,33,0.1215,0.0689,0.0346,0.2354,0.262,0.3052,0.3655,0.5603,0.6945
NW_006804127.1,1,500000,306183,36,0.0464,0.0172,0.1699,0.1042,0.4562,0.4852,0.5069,0.5022,0.7063
NW_006804127.1,1500001,2000000,1751321,46,0.1206,0.0696,0.1185,0.3943,0.3831,0.2838,0.5505,0.4686,0.5098
NW_006804127.1,2500001,3000000,2774753,32,0.1231,0.0749,0.0562,0.2313,0.4699,0.367,0.3383,0.6723,0.688
NW_006804129.1,1,500000,205584,30,0.0876,0.19,0.1359,0.3531,0.2844,0.3647,0.2921,0.3583,0.3716
NW_006804129.1,2000001,2500000,2224932,30,0.0813,0.0092,0.1173,0.2115,0.3882,0.2489,0.697,0.5162,0.6295
NW_006804130.1,1000001,1500000,1260917,31,0.0274,0.0832,0.0721,0.1694,0.3015,0.4111,0.3409,0.6255,0.6762
NW_006804130.1,2000001,2500000,2287812,31,0.0579,0.0567,0.0736,0.2049,0.4578,0.4111,0.4585,0.692,0.7277
NW_006804132.1,1000001,1500000,1199582,33,0.0458,0.0364,0.0673,0.1597,0.5325,0.5155,0.503,0.7546,0.8227
NW_006804133.1,2000001,2500000,2267029,38,0.0432,0.0556,0.1285,0.271,0.4719,0.4842,0.5767,0.5919,0.6925
NW_006804135.1,1,500000,283471,32,0.038,0.0148,0.1088,0.2688,0.3692,0.4509,0.8027,0.5666,0.7815
NW_006804135.1,500001,1000000,724038,33,0.1079,0.0435,0.074,0.1488,0.4046,0.3507,0.2975,0.601,0.7192
NW_006804136.1,1500001,2000000,1774409,33,0.1005,0.05,0.1892,0.3357,0.3781,0.3552,0.5859,0.359,0.519
NW_006804138.1,500001,1000000,750657,31,0.076,0.0921,0.1124,0.3496,0.4554,0.4146,0.4938,0.5833,0.6046
NW_006804139.1,1500001,2000000,1758309,34,0.0857,0.0914,0.0991,0.2845,0.3637,0.3254,0.4146,0.5307,0.5447
NW_006804142.1,2500001,3000000,2806715,31,0.1161,0.0886,0.0756,0.2454,0.3673,0.4065,0.3317,0.5562,0.6571
NW_006804143.1,1,500000,238236,30,0.0886,0.0941,0.1219,0.3187,0.36,0.19,0.4438,0.4729,0.2764
NW_006804143.1,3000001,3500000,3250362,31,0.0816,0.0606,0.1124,0.3175,0.2593,0.3726,0.554,0.3825,0.632
NW_006804144.1,1,500000,218428,34,0.1412,0.1213,0.1311,0.2284,0.2881,0.3499,0.2021,0.3115,0.4674
NW_006804144.1,1000001,1500000,1269634,34,0.1642,0.0826,0.0798,0.4046,0.3943,0.3029,0.4813,0.5153,0.5723
NW_006804145.1,1000001,1500000,1256210,38,0.1146,0.0749,0.0865,0.2977,0.5114,0.5235,0.4446,0.6354,0.7321
NW_006804145.1,2500001,3000000,2745110,35,0.1042,0.0852,0.0886,0.3115,0.3544,0.3194,0.4431,0.5257,0.569
NW_006804146.1,2500001,3000000,2754932,30,0.0884,0.0699,0.1751,0.2447,0.3616,0.4086,0.4233,0.3754,0.554
NW_006804147.1,500001,1000000,736188,35,0.081,0.046,0.1035,0.2393,0.5618,0.4524,0.5199,0.6572,0.7271
NW_006804147.1,2500001,3000000,2738720,35,0.0145,0.1318,0.0775,0.1643,0.3747,0.5486,0.2156,0.6825,0.6661
NW_006804148.1,1,500000,245551,33,0.0724,0.0343,0.1119,0.225,0.2982,0.2943,0.5724,0.447,0.6215
NW_006804148.1,500001,1000000,751258,30,0.0619,0.0684,0.1021,0.3485,0.3384,0.4659,0.5797,0.5274,0.6947
NW_006804148.1,1500001,2000000,1747519,32,0.0346,0.0897,0.0853,0.2349,0.3655,0.4789,0.4175,0.6285,0.6865
NW_006804150.1,1000001,1500000,1255338,30,0.0432,0.083,0.0746,0.1455,0.6203,0.5686,0.264,0.7713,0.7518
NW_006804150.1,1500001,2000000,1746493,31,0.0908,0.0934,0.0761,0.2965,0.3941,0.4164,0.4182,0.6072,0.654
NW_006804150.1,2000001,2500000,2231849,32,0.071,0.0732,0.1133,0.2961,0.3499,0.3841,0.5013,0.5013,0.6146
NW_006804150.1,2500001,3000000,2792938,32,0.0994,0.0691,0.0835,0.3341,0.5318,0.2867,0.5206,0.6666,0.5797
NW_006804151.1,2000001,2500000,2245082,36,0.0704,0.0863,0.0846,0.2458,0.3427,0.4121,0.3969,0.5664,0.6523
NW_006804152.1,500001,1000000,733659,30,0.0195,0.0651,0.0863,0.093,0.5551,0.6537,0.2283,0.7443,0.7937
NW_006804152.1,1000001,1500000,1229803,31,0.121,0.043,0.0772,0.1711,0.4851,0.5157,0.332,0.6341,0.797
NW_006804153.1,1,500000,251110,30,0.0775,0.1555,0.0654,0.3154,0.2793,0.2618,0.3172,0.5469,0.386
NW_006804153.1,500001,1000000,716919,39,0.1427,0.0714,0.1479,0.2963,0.3534,0.2555,0.4192,0.3614,0.4108
NW_006804153.1,1000001,1500000,1208615,35,0.1509,0.0678,0.0447,0.3099,0.3636,0.3746,0.4367,0.593,0.7286
NW_006804153.1,1500001,2000000,1751741,32,0.1039,0.063,0.1439,0.4099,0.4225,0.4538,0.5996,0.4714,0.6414
NW_006804154.1,1000001,1500000,1285835,32,0.0939,0.0161,0.0893,0.2888,0.4451,0.4522,0.7066,0.6088,0.8095
NW_006804154.1,1500001,2000000,1762172,30,0.0735,0.1013,0.0921,0.3921,0.5241,0.5116,0.5095,0.6684,0.6765
NW_006804155.1,500001,1000000,755248,32,0.0814,0.0452,0.0993,0.1365,0.4964,0.483,0.3128,0.631,0.7495
NW_006804155.1,1000001,1500000,1241644,41,0.0361,0.0443,0.151,0.2532,0.3537,0.3671,0.62,0.4617,0.6003
NW_006804155.1,2000001,2500000,2247494,30,0.1705,0.0411,0.0941,0.3064,0.5369,0.2809,0.4946,0.5853,0.6251
NW_006804155.1,2500001,3000000,2742229,30,0.0597,0.0894,0.0638,0.3149,0.3421,0.3267,0.4848,0.6401,0.6093
NW_006804159.1,500001,1000000,764047,39,0.1482,0.0383,0.1141,0.217,0.3919,0.4071,0.4014,0.4578,0.7007
NW_006804159.1,1500001,2000000,1712541,32,0.1357,0.0422,0.112,0.3811,0.4728,0.3551,0.6102,0.5403,0.6582
NW_006804159.1,2500001,3000000,2699810,32,0.0955,0.1012,0.0715,0.2908,0.4037,0.4025,0.3859,0.621,0.636
NW_006804161.1,2000001,2500000,2257324,31,0.1193,0.0186,0.053,0.2249,0.6002,0.5786,0.568,0.7441,0.8907
NW_006804161.1,2500001,3000000,2723736,35,0.0554,0.0672,0.1033,0.203,0.5586,0.5322,0.4164,0.678,0.7281
NW_006804162.1,500001,1000000,750495,33,0.0909,0.0678,0.0608,0.4052,0.3959,0.3579,0.595,0.6497,0.6898
NW_006804162.1,2000001,2500000,2259755,31,0.0925,0.0873,0.1,0.3747,0.3619,0.509,0.5128,0.5191,0.6881
NW_006804165.1,1,500000,218408,33,0.1156,0.0146,0.1079,0.3273,0.405,0.401,0.711,0.5151,0.759
NW_006804166.1,1,500000,279912,31,0.0685,0.0371,0.1276,0.1433,0.5615,0.5613,0.4053,0.6223,0.76
NW_006804169.1,1500001,2000000,1796674,35,0.0512,0.1185,0.0657,0.304,0.2781,0.4885,0.4051,0.5854,0.6682
NW_006804169.1,3000001,3500000,3263668,31,0.2122,0.057,0.0503,0.4868,0.3996,0.5083,0.5664,0.5349,0.8048
NW_006804170.1,2500001,3000000,2736991,33,0.1199,0.0509,0.0966,0.1881,0.3609,0.3589,0.3415,0.4948,0.6679
NW_006804171.1,500001,1000000,755234,30,0.1157,0.0829,0.0735,0.1883,0.4035,0.3536,0.2452,0.5926,0.6314
NW_006804171.1,1500001,2000000,1707201,31,0.1199,0.0654,0.0692,0.2086,0.3942,0.3928,0.3319,0.5911,0.705
NW_006804173.1,1,500000,262010,39,0.1004,0.0202,0.0647,0.2896,0.5682,0.4215,0.6739,0.7231,0.8288
NW_006804173.1,2500001,3000000,2764562,31,0.1236,0.0632,0.0359,0.241,0.5409,0.4006,0.3903,0.7569,0.7686
NW_006804175.1,1,500000,269003,30,0.1083,0.0352,0.1026,0.3186,0.4121,0.2864,0.6179,0.54,0.6295
NW_006804175.1,1000001,1500000,1271561,31,0.0754,0.0794,0.0943,0.2509,0.4626,0.6014,0.4187,0.6274,0.7472
NW_006804175.1,1500001,2000000,1759201,31,0.0898,0.0768,0.0964,0.359,0.2983,0.3737,0.5315,0.4633,0.6245
NW_006804175.1,2000001,2500000,2268990,46,0.0922,0.1231,0.0997,0.3984,0.498,0.3685,0.4482,0.621,0.5271
NW_006804176.1,1000001,1500000,1267085,37,0.0758,0.0226,0.0638,0.3664,0.4216,0.5135,0.757,0.6766,0.8538
NW_006804176.1,2500001,3000000,2706182,35,0.1144,0.011,0.1002,0.1745,0.4303,0.4092,0.5351,0.5532,0.7846
NW_006804177.1,1000001,1500000,1272411,33,0.0794,0.0828,0.0672,0.2115,0.4688,0.4587,0.3415,0.691,0.7118
NW_006804181.1,2500001,3000000,2752038,35,0.065,0.0314,0.1175,0.0927,0.4265,0.3915,0.2763,0.5628,0.6999
NW_006804184.1,500001,1000000,763265,31,0.0695,0.0262,0.1578,0.2221,0.3744,0.4147,0.6199,0.4357,0.6637
NW_006804185.1,2000001,2500000,2252728,30,0.1041,0.0291,0.1103,0.1421,0.4036,0.3837,0.3585,0.5208,0.7117
NW_006804186.1,1,500000,240952,33,0.0905,0.0489,0.1468,0.3051,0.4001,0.4564,0.5731,0.4592,0.6639
NW_006804186.1,500001,1000000,747693,33,0.1526,0.0549,0.0966,0.3681,0.4041,0.3244,0.5369,0.5,0.6293
NW_006804186.1,1000001,1500000,1291580,30,0.1641,0.0719,0.0291,0.2715,0.455,0.4782,0.3568,0.6884,0.7948
NW_006804187.1,500001,1000000,755351,32,0.0962,0.0443,0.0815,0.2043,0.4861,0.4794,0.4445,0.6495,0.7744
NW_006804188.1,1000001,1500000,1226468,34,0.0871,0.0321,0.1267,0.1537,0.4671,0.3999,0.4161,0.5523,0.6891
NW_006804189.1,1500001,2000000,1783678,32,0.1918,0.0258,0.0411,0.4371,0.4518,0.4343,0.6449,0.6231,0.8598
NW_006804190.1,1000001,1500000,1278576,31,0.1131,0.0398,0.0869,0.1876,0.4406,0.4511,0.4,0.5912,0.7631
NW_006804190.1,2000001,2500000,2225194,37,0.049,0.0352,0.0962,0.1632,0.4498,0.5053,0.5101,0.6421,0.7818
NW_006804192.1,1000001,1500000,1272941,31,0.0977,0.0397,0.1315,0.1472,0.4092,0.4462,0.3332,0.4891,0.6959
NW_006804193.1,1,500000,229345,30,0.1793,0.0302,0.093,0.3019,0.4071,0.3238,0.5175,0.4826,0.6971
NW_006804193.1,2000001,2500000,2240333,35,0.1442,0.1378,0.063,0.3247,0.4229,0.5092,0.3013,0.601,0.6526
NW_006804194.1,1,500000,286876,31,0.1175,0.056,0.0402,0.3526,0.3035,0.2362,0.5598,0.5966,0.6515
NW_006804195.1,500001,1000000,750463,30,0.1172,0.0597,0.0573,0.3896,0.4072,0.3074,0.5799,0.6356,0.6757
NW_006804195.1,1000001,1500000,1258779,39,0.1234,0.0767,0.0607,0.3386,0.3997,0.522,0.4751,0.6135,0.7607
NW_006804196.1,1000001,1500000,1245227,34,0.0758,0.0462,0.1081,0.1803,0.4815,0.4313,0.4276,0.6092,0.7084
NW_006804196.1,2000001,2500000,2198489,38,0.1081,0.0271,0.1151,0.2369,0.3773,0.4315,0.5607,0.483,0.7366
NW_006804197.1,500001,1000000,797504,36,0.0592,0.0791,0.0889,0.2631,0.4249,0.519,0.4574,0.6327,0.72
NW_006804197.1,1000001,1500000,1230412,34,0.0997,0.0412,0.1174,0.1832,0.5836,0.5672,0.4104,0.6266,0.7677
NW_006804197.1,1500001,2000000,1771703,41,0.0757,0.0603,0.063,0.204,0.436,0.4088,0.4121,0.6876,0.7355
NW_006804197.1,2000001,2500000,2252540,32,0.2181,0.0515,0.0809,0.2055,0.4064,0.3385,0.214,0.4666,0.678
NW_006804198.1,1000001,1500000,1246367,31,0.1071,0.0672,0.0643,0.1963,0.2708,0.2524,0.3217,0.494,0.5817
NW_006804199.1,500001,1000000,736039,34,0.0856,0.0291,0.0646,0.1944,0.4342,0.3522,0.5254,0.671,0.7744
NW_006804199.1,1500001,2000000,1754270,34,0.04,0.0344,0.1109,0.2014,0.3153,0.3591,0.6015,0.5088,0.6813
NW_006804199.1,2000001,2500000,2233370,40,0.0644,0.0745,0.1067,0.2254,0.3191,0.4091,0.4128,0.4932,0.6409
NW_006804200.1,1,500000,211438,30,0.0985,0.0415,0.1297,0.3675,0.414,0.4082,0.6474,0.4957,0.6707
NW_006804202.1,500001,1000000,739168,33,0.1078,0.0422,0.1166,0.1765,0.4162,0.3767,0.3746,0.5145,0.6675
NW_006804202.1,1500001,2000000,1721945,38,0.114,0.078,0.1101,0.2011,0.3611,0.3642,0.2872,0.4715,0.5928
NW_006804204.1,1,500000,223880,33,0.0564,0.0294,0.0798,0.2787,0.4351,0.4324,0.6888,0.6651,0.7874
NW_006804204.1,1000001,1500000,1270598,33,0.0744,0.0807,0.0809,0.2462,0.3776,0.4451,0.4093,0.6013,0.6891
NW_006804206.1,1500001,2000000,1737031,34,0.1146,0.0412,0.0928,0.1806,0.3239,0.4097,0.3749,0.4708,0.7295
NW_006804206.1,2000001,2500000,2269039,34,0.0784,0.0552,0.1195,0.1628,0.3589,0.392,0.3438,0.488,0.6471
NW_006804208.1,500001,1000000,758270,31,0.0486,0.0429,0.087,0.1846,0.5667,0.4779,0.5075,0.721,0.7689
NW_006804208.1,1500001,2000000,1736870,34,0.0929,0.0313,0.1373,0.2474,0.405,0.4882,0.581,0.4791,0.726
NW_006804212.1,1000001,1500000,1232335,31,0.0598,0.084,0.078,0.2822,0.3727,0.3558,0.4645,0.6229,0.6235
NW_006804216.1,1,500000,192830,34,0.0882,0.042,0.0961,0.197,0.5734,0.5063,0.4568,0.671,0.7699
NW_006804216.1,1500001,2000000,1764015,30,0.0882,0.0565,0.0806,0.2375,0.3023,0.2434,0.4619,0.5125,0.5642
NW_006804216.1,2000001,2500000,2262779,31,0.0888,0.0319,0.1215,0.1721,0.4877,0.4001,0.4573,0.5745,0.698
NW_006804217.1,500001,1000000,731701,30,0.0481,0.0374,0.1759,0.0865,0.4931,0.4367,0.2652,0.5162,0.6322
NW_006804217.1,1500001,2000000,1787728,37,0.0709,0.0732,0.1006,0.1816,0.4271,0.3742,0.3297,0.5944,0.6259
NW_006804218.1,500001,1000000,760852,33,0.0551,0.0782,0.0999,0.2606,0.4941,0.376,0.4623,0.6531,0.6181
NW_006804221.1,1000001,1500000,1281076,35,0.092,0.0314,0.0894,0.2304,0.3221,0.3056,0.5587,0.5056,0.6857
NW_006804221.1,2000001,2500000,2240447,32,0.0465,0.0839,0.0717,0.2831,0.2855,0.3629,0.4822,0.5808,0.64
NW_006804222.1,1500001,2000000,1775181,33,0.0303,0.0574,0.1373,0.1772,0.4807,0.3706,0.456,0.5915,0.5981
NW_006804223.1,500001,1000000,773488,37,0.0867,0.0859,0.0712,0.2278,0.3393,0.3893,0.3494,0.5793,0.6568
NW_006804224.1,1,500000,223489,37,0.1206,0.0805,0.0504,0.2733,0.4143,0.2437,0.3892,0.6554,0.5626
NW_006804224.1,2000001,2500000,2265128,34,0.1074,0.0462,0.1161,0.1258,0.3451,0.3612,0.2147,0.4496,0.6474
NW_006804225.1,1,500000,213115,32,0.0968,0.0828,0.0934,0.1688,0.4479,0.3801,0.2314,0.5984,0.6221
NW_006804226.1,500001,1000000,750660,32,0.0539,0.0533,0.1125,0.0972,0.4763,0.4991,0.2104,0.6171,0.7248
NW_006804227.1,1,500000,278329,30,0.1015,0.079,0.097,0.3684,0.2844,0.4456,0.5209,0.4288,0.6704
NW_006804228.1,1,500000,214578,30,0.104,0.0465,0.1389,0.2072,0.345,0.4184,0.4263,0.407,0.6544
NW_006804228.1,2000001,2500000,2280887,33,0.0098,0.0726,0.1023,0.252,0.4969,0.5893,0.534,0.6926,0.7441
NW_006804234.1,2000001,2500000,2314531,30,0.0135,0.1525,0.0698,0.2715,0.2663,0.447,0.3305,0.6192,0.5822
NW_006804235.1,1500001,2000000,1758282,30,0.0701,0.0361,0.0514,0.283,0.6166,0.5834,0.6365,0.7973,0.8623
NW_006804235.1,2000001,2500000,2241479,30,0.1415,0.0802,0.0677,0.3407,0.3353,0.3897,0.448,0.5133,0.6741
NW_006804237.1,1000001,1500000,1214193,32,0.1266,0.0424,0.1622,0.1976,0.2772,0.223,0.3838,0.2572,0.3929
NW_006804237.1,1500001,2000000,1744971,31,0.1028,0.0622,0.1508,0.2724,0.326,0.2311,0.4687,0.3648,0.383
NW_006804240.1,1000001,1500000,1247026,34,0.0773,0.0767,0.0865,0.3858,0.407,0.5022,0.5677,0.6062,0.7192
NW_006804240.1,1500001,2000000,1785249,30,0.1796,0.0623,0.0848,0.3371,0.3694,0.2655,0.4516,0.4626,0.5689
NW_006804240.1,2000001,2500000,2244329,31,0.099,0.094,0.0958,0.3204,0.4046,0.4191,0.4349,0.5588,0.6273
NW_006804241.1,500001,1000000,740374,32,0.1004,0.0719,0.0725,0.214,0.461,0.3637,0.3497,0.6513,0.6651
NW_006804242.1,500001,1000000,765059,31,0.1127,0.0707,0.1029,0.3047,0.3748,0.4194,0.4679,0.502,0.6607
NW_006804243.1,500001,1000000,772329,33,0.1266,0.0202,0.0736,0.1968,0.4337,0.4295,0.4925,0.6029,0.8167
NW_006804244.1,1,500000,266444,30,0.0706,0.0601,0.1252,0.1761,0.4226,0.4243,0.3678,0.5385,0.6524
NW_006804247.1,1500001,2000000,1732617,33,0.0279,0.0709,0.0531,0.1779,0.5623,0.6418,0.4025,0.8171,0.8177
NW_006804248.1,1,500000,267287,37,0.0797,0.0455,0.1027,0.2572,0.4843,0.476,0.5485,0.6184,0.7411
NW_006804248.1,2000001,2500000,2227930,32,0.0764,0.0396,0.086,0.2589,0.5003,0.5243,0.5825,0.6667,0.7944
NW_006804249.1,500001,1000000,749823,33,0.0576,0.0891,0.0366,0.2554,0.4998,0.5362,0.4181,0.8106,0.7753
NW_006804249.1,1500001,2000000,1760545,36,0.137,0.0246,0.0627,0.2306,0.3356,0.3571,0.5098,0.5333,0.793
NW_006804250.1,1,500000,277623,35,0.0395,0.0726,0.088,0.2038,0.3794,0.4549,0.4224,0.6257,0.7
NW_006804250.1,1500001,2000000,1747975,30,0.0742,0.0753,0.0693,0.288,0.4653,0.3401,0.481,0.6895,0.6437
NW_006804251.1,1000001,1500000,1256642,30,0.0522,0.0927,0.04,0.2799,0.4349,0.3888,0.4447,0.7819,0.6908
NW_006804251.1,2000001,2500000,2270449,34,0.0722,0.064,0.1251,0.164,0.2779,0.3044,0.323,0.3911,0.5365
NW_006804252.1,500001,1000000,722533,30,0.0746,0.0476,0.117,0.2771,0.4304,0.614,0.5707,0.5573,0.7743
NW_006804252.1,1000001,1500000,1221612,37,0.1056,0.0779,0.0672,0.2807,0.3931,0.4323,0.425,0.6124,0.7064
NW_006804253.1,1500001,2000000,1744321,32,0.0668,0.1083,0.1082,0.2917,0.2475,0.3133,0.3999,0.3957,0.4822
NW_006804255.1,1000001,1500000,1270266,31,0.1605,0.0317,0.1026,0.3027,0.4774,0.3958,0.5402,0.5389,0.7264
NW_006804256.1,1000001,1500000,1268639,30,0.0885,0.1392,0.12,0.3262,0.287,0.3834,0.3495,0.3946,0.4872
NW_006804257.1,1,500000,261035,30,0.0641,0.1085,0.1259,0.2051,0.4056,0.3128,0.2801,0.5302,0.4539
NW_006804257.1,1500001,2000000,1745316,35,0.0543,0.1132,0.1022,0.2621,0.3837,0.4056,0.3649,0.576,0.5741
NW_006804258.1,500001,1000000,720019,31,0.1053,0.0272,0.0548,0.1226,0.5032,0.5068,0.3007,0.7121,0.8559
NW_006804260.1,1500001,2000000,1742824,30,0.0876,0.0262,0.0871,0.252,0.4233,0.3886,0.6234,0.6054,0.7609
NW_006804261.1,1,500000,241823,34,0.0637,0.0117,0.0959,0.1573,0.4916,0.4186,0.6385,0.6523,0.7946
NW_006804261.1,500001,1000000,730309,32,0.0819,0.0373,0.0904,0.2259,0.3587,0.4328,0.5402,0.5517,0.754
NW_006804263.1,1500001,2000000,1725355,30,0.1562,0.0366,0.0706,0.3812,0.3386,0.4106,0.6058,0.4907,0.7763
NW_006804267.1,2000001,2500000,2247146,31,0.0625,0.0357,0.0888,0.2849,0.5043,0.4933,0.6521,0.6759,0.7864
NW_006804270.1,2000001,2500000,2197111,32,0.046,0.0454,0.0768,0.2923,0.4461,0.4651,0.6389,0.6905,0.773
NW_006804273.1,500001,1000000,750254,34,0.1765,0.0993,0.0845,0.2949,0.3856,0.3096,0.3088,0.483,0.5346
NW_006804274.1,2000001,2500000,2289023,31,0.0751,0.0816,0.0766,0.2871,0.4004,0.4089,0.4591,0.6291,0.671
NW_006804278.1,1,500000,260509,32,0.0513,0.0473,0.1166,0.2215,0.4403,0.393,0.539,0.5881,0.6684
NW_006804278.1,500001,1000000,742843,37,0.0332,0.1134,0.1119,0.1947,0.2601,0.4025,0.2892,0.4504,0.5582
NW_006804278.1,1000001,1500000,1263635,36,0.09,0.0605,0.0747,0.2327,0.2993,0.3337,0.4365,0.5234,0.6636
NW_006804279.1,500001,1000000,756879,34,0.1194,0.0738,0.069,0.3023,0.3413,0.4466,0.4477,0.5448,0.7199
NW_006804279.1,1500001,2000000,1744548,31,0.0842,0.0778,0.0881,0.1777,0.3859,0.379,0.2853,0.5782,0.6395
NW_006804282.1,1000001,1500000,1266878,32,0.1074,0.0743,0.0658,0.2483,0.4663,0.4647,0.3886,0.6633,0.7327
NW_006804284.1,1000001,1500000,1281128,31,0.0713,0.0847,0.1074,0.3262,0.3141,0.2958,0.497,0.4776,0.5108
NW_006804284.1,1500001,2000000,1730665,31,0.1397,0.0478,0.0568,0.375,0.3661,0.521,0.5812,0.5758,0.8174
NW_006804285.1,500001,1000000,791677,33,0.069,0.0157,0.1483,0.1136,0.5463,0.5171,0.4689,0.5776,0.7526
NW_006804287.1,2000001,2500000,2280769,34,0.0896,0.1107,0.081,0.2449,0.4014,0.4393,0.3074,0.6019,0.6317
NW_006804288.1,500001,1000000,752102,30,0.0702,0.0264,0.1017,0.3243,0.4944,0.4463,0.7191,0.6352,0.7659
NW_006804288.1,2000001,2500000,2243355,39,0.0999,0.0793,0.0779,0.2938,0.3456,0.4664,0.4441,0.5499,0.7077
NW_006804294.1,500001,1000000,746177,30,0.0969,0.0327,0.1262,0.2213,0.3927,0.3381,0.529,0.486,0.6411
NW_006804295.1,1000001,1500000,1208941,34,0.0446,0.0424,0.1033,0.1723,0.427,0.3465,0.4956,0.6156,0.6661
NW_006804296.1,1,500000,278704,38,0.1194,0.1262,0.1095,0.3763,0.3134,0.3265,0.3987,0.4142,0.4623
NW_006804297.1,1,500000,225349,32,0.0576,0.0707,0.0675,0.4771,0.2419,0.394,0.6645,0.5241,0.6972
NW_006804297.1,1000001,1500000,1256257,30,0.0779,0.0846,0.1369,0.2467,0.3624,0.4615,0.3937,0.4556,0.6191
NW_006804298.1,500001,1000000,728140,31,0.078,0.0263,0.0785,0.1544,0.5219,0.469,0.4766,0.6929,0.8108
NW_006804300.1,1500001,2000000,1742194,32,0.0529,0.1126,0.1061,0.2331,0.2917,0.4242,0.3279,0.4786,0.5847
NW_006804302.1,1,500000,289300,32,0.0476,0.0447,0.1191,0.1165,0.5171,0.5667,0.3363,0.6328,0.7599
NW_006804302.1,500001,1000000,748838,31,0.1152,0.0596,0.077,0.2251,0.3977,0.3567,0.3886,0.5799,0.6798
NW_006804302.1,1500001,2000000,1699460,32,0.1124,0.0706,0.1517,0.1561,0.4786,0.4883,0.2109,0.494,0.6407
NW_006804304.1,500001,1000000,761409,32,0.1296,0.0312,0.0893,0.3078,0.4353,0.3618,0.5935,0.565,0.729
NW_006804304.1,1000001,1500000,1226558,38,0.114,0.057,0.1323,0.3203,0.3514,0.3327,0.5285,0.4162,0.5708
NW_006804305.1,500001,1000000,737330,31,0.0686,0.0424,0.1269,0.1682,0.4135,0.3789,0.4358,0.5298,0.652
NW_006804305.1,1000001,1500000,1256101,36,0.109,0.0401,0.0682,0.2334,0.4918,0.5254,0.4907,0.6705,0.8177
NW_006804305.1,1500001,2000000,1771227,38,0.0799,0.0503,0.1066,0.2164,0.4932,0.4808,0.4678,0.6154,0.7292
NW_006804309.1,1,500000,285873,36,0.1105,0.0208,0.0949,0.224,0.3373,0.2989,0.5714,0.4856,0.6977
NW_006804309.1,500001,1000000,748172,33,0.1297,0.07,0.138,0.2706,0.3835,0.3656,0.4049,0.4227,0.5676
NW_006804309.1,1500001,2000000,1744419,36,0.0389,0.056,0.1036,0.224,0.3782,0.3526,0.5229,0.5855,0.6395
NW_006804311.1,500001,1000000,727378,31,0.0762,0.0441,0.0436,0.2274,0.4694,0.5698,0.5191,0.7576,0.8548
NW_006804312.1,500001,1000000,731449,31,0.1,0.0344,0.0646,0.2237,0.4314,0.4583,0.5181,0.6528,0.8109
NW_006804312.1,1500001,2000000,1817424,30,0.0422,0.0835,0.0792,0.3609,0.447,0.4706,0.5642,0.689,0.7009
NW_006804314.1,1500001,2000000,1738478,32,0.0798,0.0385,0.1114,0.2225,0.3467,0.3498,0.5329,0.4923,0.6635
NW_006804315.1,1000001,1500000,1258922,32,0.0341,0.0539,0.124,0.0971,0.458,0.4055,0.2578,0.6007,0.653
NW_006804317.1,1,500000,208208,32,0.024,0.0289,0.099,0.2185,0.3548,0.3103,0.6917,0.596,0.677
NW_006804318.1,1500001,2000000,1774816,32,0.0647,0.0889,0.129,0.288,0.2674,0.3058,0.4506,0.3775,0.4787
NW_006804321.1,1,500000,220866,37,0.0379,0.0206,0.0814,0.1911,0.4606,0.5286,0.6871,0.6954,0.8373
NW_006804324.1,1,500000,254888,33,0.0502,0.0238,0.0857,0.2537,0.4741,0.4514,0.709,0.6794,0.7983
NW_006804324.1,500001,1000000,719300,40,0.1164,0.0363,0.0896,0.2762,0.4178,0.3487,0.5549,0.5647,0.7069
NW_006804324.1,1000001,1500000,1240115,32,0.0789,0.0751,0.092,0.1528,0.3881,0.4057,0.2459,0.5765,0.6586
NW_006804327.1,1,500000,297350,30,0.0535,0.0154,0.0891,0.2853,0.6298,0.4087,0.7805,0.7361,0.7929
NW_006804327.1,1500001,2000000,1797006,30,0.0402,0.0618,0.0847,0.2625,0.2511,0.3059,0.5458,0.5073,0.6164
NW_006804330.1,1,500000,262324,33,0.097,0.0441,0.0554,0.231,0.5084,0.467,0.4895,0.7219,0.8081
NW_006804332.1,1,500000,203702,35,0.0811,0.1028,0.0821,0.293,0.3183,0.3371,0.4,0.5353,0.5606
NW_006804332.1,500001,1000000,775799,33,0.0827,0.0239,0.0794,0.1224,0.3652,0.3828,0.3871,0.585,0.7768
NW_006804332.1,1000001,1500000,1244234,33,0.1166,0.0362,0.0843,0.1553,0.4724,0.3646,0.3302,0.6148,0.7277
NW_006804335.1,1,500000,249070,39,0.1283,0.1065,0.1262,0.2544,0.4482,0.4222,0.2875,0.502,0.5674
NW_006804335.1,500001,1000000,769067,30,0.169,0.0835,0.0725,0.3691,0.3508,0.2277,0.4408,0.4834,0.4823
NW_006804335.1,1000001,1500000,1268230,34,0.0647,0.088,0.1027,0.3309,0.3341,0.3554,0.4995,0.5184,0.5763
NW_006804335.1,1500001,2000000,1736910,32,0.1029,0.1121,0.0917,0.3218,0.4638,0.5453,0.3883,0.6066,0.6777
NW_006804336.1,1000001,1500000,1271880,33,0.0766,0.0498,0.047,0.2395,0.498,0.6131,0.5108,0.7603,0.851
NW_006804336.1,1500001,2000000,1722729,31,0.086,0.0308,0.0902,0.2456,0.5252,0.5335,0.5935,0.6614,0.8079
NW_006804338.1,1000001,1500000,1255556,31,0.0593,0.0363,0.122,0.2938,0.4206,0.5269,0.6627,0.5547,0.7546
NW_006804340.1,1000001,1500000,1241055,31,0.0634,0.0282,0.0938,0.2316,0.4271,0.5639,0.6323,0.6179,0.8174
NW_006804341.1,1500001,2000000,1782821,40,0.0644,0.1129,0.1288,0.1495,0.4266,0.4569,0.1614,0.5404,0.5804
NW_006804342.1,1500001,2000000,1764974,36,0.0745,0.0398,0.1175,0.1864,0.4825,0.4449,0.4746,0.5918,0.715
NW_006804344.1,1000001,1500000,1297979,30,0.0811,0.0851,0.1132,0.164,0.4017,0.5034,0.2384,0.5365,0.6727
NW_006804345.1,1,500000,273596,32,0.1829,0.0621,0.0992,0.2836,0.4239,0.3506,0.3787,0.4816,0.6315
NW_006804348.1,1,500000,233234,33,0.077,0.0371,0.0736,0.3078,0.4863,0.359,0.6451,0.6874,0.7414
NW_006804349.1,500001,1000000,738470,32,0.1119,0.065,0.0753,0.1662,0.3242,0.2867,0.2544,0.5195,0.6058
NW_006804349.1,1000001,1500000,1294266,30,0.0796,0.0519,0.0936,0.1951,0.4345,0.3479,0.4239,0.6065,0.6621
NW_006804351.1,500001,1000000,786284,32,0.0543,0.0294,0.0916,0.2375,0.4601,0.5251,0.6501,0.6533,0.8058
NW_006804351.1,1500001,2000000,1709706,34,0.1504,0.1523,0.1498,0.3321,0.3134,0.443,0.2798,0.3026,0.4868
NW_006804352.1,1,500000,264820,31,0.0271,0.0453,0.0909,0.0646,0.4978,0.5069,0.1822,0.7023,0.7711
NW_006804352.1,500001,1000000,730745,34,0.0817,0.0898,0.0724,0.2058,0.3598,0.3837,0.3077,0.6008,0.6429
NW_006804353.1,500001,1000000,774240,39,0.0763,0.0327,0.0461,0.2246,0.4954,0.4352,0.5727,0.7618,0.8358
NW_006804360.1,1,500000,238400,30,0.0851,0.0849,0.1289,0.1782,0.3536,0.4381,0.2638,0.4555,0.6124
NW_006804360.1,500001,1000000,781578,42,0.0749,0.0452,0.1057,0.1693,0.5263,0.5071,0.411,0.6403,0.7517
NW_006804360.1,1000001,1500000,1215235,32,0.1214,0.0273,0.0821,0.193,0.4337,0.4231,0.4567,0.5884,0.7842
NW_006804363.1,1500001,2000000,1734443,32,0.0775,0.0344,0.1064,0.1179,0.4263,0.3545,0.3195,0.574,0.6854
NW_006804364.1,1500001,2000000,1770960,35,0.1091,0.0509,0.1096,0.2377,0.4174,0.3911,0.4515,0.5285,0.6707
NW_006804366.1,500001,1000000,754785,31,0.0552,0.0303,0.1154,0.1799,0.4105,0.4122,0.5593,0.5654,0.7186
NW_006804367.1,500001,1000000,744308,33,0.1241,0.0389,0.1086,0.2445,0.4256,0.3738,0.4878,0.5223,0.6858
NW_006804367.1,1000001,1500000,1273603,36,0.0457,0.0446,0.1096,0.1362,0.3623,0.4363,0.3986,0.5499,0.7121
NW_006804370.1,1000001,1500000,1231343,31,0.152,0.0873,0.0707,0.1888,0.31,0.2666,0.1838,0.4621,0.5342
NW_006804371.1,1000001,1500000,1188220,33,0.0481,0.0455,0.0994,0.2552,0.3277,0.458,0.5967,0.5409,0.7369
NW_006804372.1,1,500000,287973,39,0.0938,0.0819,0.0789,0.2911,0.3208,0.3838,0.4407,0.53,0.6492
NW_006804372.1,500001,1000000,738865,31,0.0737,0.1053,0.0811,0.177,0.3225,0.4298,0.2241,0.5523,0.6344
NW_006804373.1,500001,1000000,767187,31,0.0899,0.0334,0.2161,0.264,0.3829,0.2674,0.5967,0.3337,0.3925
NW_006804373.1,1000001,1500000,1277482,31,0.0775,0.0824,0.0625,0.4074,0.3693,0.5388,0.5677,0.642,0.7555
NW_006804377.1,500001,1000000,802524,31,0.0802,0.0802,0.0308,0.2628,0.392,0.4929,0.4265,0.7536,0.7823
NW_006804378.1,1000001,1500000,1224355,30,0.0366,0.0652,0.0889,0.248,0.4145,0.5066,0.5196,0.651,0.7381
NW_006804378.1,1500001,2000000,1741342,32,0.0432,0.0141,0.0955,0.15,0.4934,0.5353,0.6651,0.6739,0.8322
NW_006804379.1,1,500000,217058,37,0.1228,0.0849,0.0481,0.3895,0.4323,0.3288,0.5023,0.6708,0.6491
NW_006804379.1,500001,1000000,764069,36,0.1576,0.0694,0.0809,0.2301,0.3814,0.3481,0.3043,0.5081,0.6443
NW_006804379.1,1500001,2000000,1676472,30,0.0768,0.0772,0.0759,0.3228,0.3176,0.4088,0.51,0.5578,0.6806
NW_006804381.1,500001,1000000,735175,31,0.0478,0.0845,0.0994,0.3481,0.3245,0.5168,0.5441,0.5379,0.6974
NW_006804381.1,1000001,1500000,1239446,32,0.0841,0.1223,0.0946,0.2699,0.4209,0.4491,0.3219,0.5897,0.6015
NW_006804383.1,1000001,1500000,1246988,31,0.0701,0.0434,0.1193,0.133,0.3429,0.3231,0.338,0.4818,0.6143
NW_006804386.1,500001,1000000,683645,31,0.0935,0.075,0.0907,0.3725,0.3411,0.4166,0.5447,0.5203,0.6683
NW_006804389.1,1,500000,235272,34,0.0915,0.0302,0.0954,0.2874,0.4454,0.4222,0.6352,0.5977,0.756
NW_006804391.1,1000001,1500000,1282686,34,0.077,0.1313,0.0879,0.275,0.2526,0.3267,0.3165,0.4435,0.4847
NW_006804399.1,1000001,1500000,1247108,32,0.0433,0.1356,0.0637,0.3063,0.3262,0.3862,0.3769,0.6506,0.5707
NW_006804403.1,500001,1000000,745464,39,0.0807,0.0544,0.0812,0.2081,0.4116,0.4673,0.435,0.6189,0.7502
NW_006804405.1,1,500000,293967,31,0.0968,0.0724,0.0664,0.372,0.3162,0.3732,0.5484,0.5568,0.6811
NW_006804405.1,1000001,1500000,1250350,30,0.0396,0.0734,0.0915,0.2444,0.3292,0.3841,0.4793,0.5743,0.6472
NW_006804408.1,500001,1000000,793028,34,0.0836,0.034,0.1333,0.2115,0.3316,0.4675,0.5319,0.4252,0.716
NW_006804409.1,1,500000,285427,30,0.1173,0.0137,0.0965,0.2455,0.4352,0.3868,0.631,0.562,0.7735
NW_006804410.1,500001,1000000,757240,31,0.0411,0.0514,0.0955,0.1522,0.3979,0.4264,0.4123,0.6178,0.7138
NW_006804410.1,1000001,1500000,1252839,35,0.0972,0.0378,0.063,0.2049,0.37,0.4271,0.4746,0.616,0.7936
NW_006804414.1,1000001,1500000,1276036,32,0.0846,0.0804,0.081,0.2219,0.3625,0.3145,0.3592,0.5763,0.5877
NW_006804415.1,500001,1000000,766438,32,0.013,0.0439,0.0826,0.127,0.4556,0.5083,0.4607,0.7164,0.7853
NW_006804416.1,1000001,1500000,1224975,30,0.0573,0.0506,0.122,0.2879,0.5585,0.4697,0.5954,0.6401,0.7021
NW_006804417.1,500001,1000000,733264,30,0.0644,0.0461,0.1265,0.1837,0.4234,0.4552,0.4572,0.5426,0.6961
NW_006804419.1,1,500000,252413,32,0.1136,0.0513,0.0674,0.3621,0.3896,0.4054,0.589,0.5997,0.7461
NW_006804419.1,1000001,1500000,1274533,30,0.0974,0.0428,0.1207,0.2389,0.4078,0.4239,0.5065,0.5095,0.6919
NW_006804421.1,1,500000,241692,38,0.0482,0.0869,0.0572,0.2882,0.5279,0.4906,0.4766,0.7753,0.7338
NW_006804425.1,1000001,1500000,1274684,39,0.1175,0.074,0.1205,0.3301,0.4698,0.4501,0.4807,0.5387,0.6507
NW_006804426.1,500001,1000000,728861,32,0.1048,0.0863,0.0703,0.2577,0.3927,0.3761,0.3703,0.605,0.6475
NW_006804431.1,500001,1000000,749766,31,0.1038,0.0575,0.0878,0.2693,0.306,0.358,0.4799,0.4766,0.6673
NW_006804433.1,1000001,1500000,1259904,38,0.0844,0.0408,0.0777,0.3468,0.4692,0.5062,0.652,0.6604,0.7969
NW_006804435.1,1000001,1500000,1284584,30,0.0457,0.066,0.1079,0.2626,0.3872,0.4145,0.5214,0.5746,0.6591
NW_006804436.1,500001,1000000,776152,33,0.081,0.0347,0.0717,0.2632,0.4727,0.3794,0.6042,0.6805,0.7626
NW_006804444.1,500001,1000000,744708,33,0.1409,0.0447,0.1024,0.2361,0.4207,0.4058,0.4225,0.5142,0.7046
NW_006804446.1,1000001,1500000,1244689,31,0.071,0.01,0.1201,0.2739,0.3942,0.3034,0.7743,0.526,0.6792
NW_006804448.1,500001,1000000,738613,30,0.165,0.0408,0.0802,0.1979,0.3334,0.3393,0.3209,0.4502,0.7062
NW_006804448.1,1000001,1500000,1234176,36,0.0578,0.0451,0.102,0.1339,0.389,0.3227,0.361,0.5767,0.6413
NW_006804451.1,500001,1000000,724770,30,0.0766,0.0816,0.1192,0.2709,0.3577,0.4004,0.4371,0.4892,0.6029
NW_006804455.1,1000001,1500000,1221085,31,0.0447,0.0958,0.035,0.1548,0.3972,0.4948,0.2439,0.791,0.7489
NW_006804461.1,1,500000,278196,32,0.0683,0.045,0.1357,0.2367,0.3125,0.3955,0.5421,0.4155,0.6456
NW_006804466.1,1,500000,272601,30,0.1291,0.0553,0.0571,0.2419,0.4907,0.4296,0.4108,0.6756,0.7661
NW_006804473.1,1,500000,263912,36,0.0873,0.0382,0.0954,0.1684,0.4323,0.4343,0.418,0.5929,0.7453
NW_006804473.1,1000001,1500000,1225112,32,0.0959,0.027,0.0706,0.218,0.5292,0.5556,0.5561,0.6969,0.8471
NW_006804475.1,1,500000,281097,35,0.0358,0.0654,0.1336,0.3288,0.3282,0.3802,0.6042,0.4733,0.5961
NW_006804475.1,1000001,1500000,1256534,42,0.0718,0.1065,0.0719,0.2507,0.3558,0.4734,0.3464,0.6113,0.6719
NW_006804482.1,500001,1000000,758096,30,0.0538,0.0678,0.0841,0.2594,0.3584,0.4876,0.4993,0.6021,0.7308
NW_006804485.1,500001,1000000,800565,32,0.0608,0.0376,0.062,0.1752,0.4677,0.5828,0.4936,0.7242,0.8462
NW_006804486.1,500001,1000000,759921,30,0.0648,0.1145,0.0699,0.3043,0.284,0.4267,0.4015,0.5573,0.6312
NW_006804492.1,500001,1000000,756574,37,0.1543,0.0401,0.0968,0.2765,0.3623,0.3731,0.4821,0.4573,0.7025
NW_006804497.1,1,500000,207087,32,0.1249,0.0284,0.0618,0.2464,0.4282,0.4284,0.5374,0.6297,0.8172
NW_006804497.1,1000001,1500000,1179867,32,0.0456,0.0452,0.0992,0.1929,0.454,0.4357,0.5155,0.6412,0.7261
NW_006804498.1,1000001,1500000,1288722,40,0.0856,0.1581,0.1443,0.3638,0.2989,0.4401,0.355,0.3625,0.4824
NW_006804499.1,500001,1000000,736181,34,0.0676,0.0499,0.067,0.1493,0.4902,0.4908,0.3561,0.715,0.7888
NW_006804500.1,1,500000,212584,32,0.0634,0.0496,0.0593,0.2112,0.3862,0.3691,0.491,0.6819,0.7427
NW_006804502.1,500001,1000000,747227,30,0.0562,0.0227,0.1518,0.185,0.493,0.4671,0.6177,0.5503,0.7111
NW_006804506.1,1,500000,247251,32,0.1287,0.0468,0.0497,0.3188,0.5064,0.2952,0.5443,0.7022,0.7168
NW_006804506.1,500001,1000000,760695,30,0.0651,0.0449,0.0867,0.2567,0.3387,0.3336,0.5736,0.5636,0.6794
NW_006804513.1,1000001,1500000,1259263,34,0.1008,0.0501,0.0935,0.1858,0.4614,0.3771,0.3745,0.6033,0.6884
NW_006804518.1,1,500000,229647,34,0.113,0.0537,0.0503,0.269,0.4208,0.483,0.4806,0.6691,0.8021
NW_006804519.1,1,500000,238537,31,0.0554,0.0688,0.1019,0.3727,0.4485,0.4812,0.6053,0.6217,0.7025
NW_006804519.1,500001,1000000,778686,34,0.0791,0.0587,0.1453,0.3129,0.4878,0.5734,0.5595,0.5391,0.7107
NW_006804521.1,1,500000,257607,30,0.0894,0.1067,0.1176,0.2114,0.3979,0.2834,0.264,0.5156,0.431
NW_006804527.1,1,500000,280439,33,0.1245,0.0494,0.1069,0.2735,0.4192,0.3584,0.4861,0.5201,0.6536
NW_006804527.1,500001,1000000,743783,33,0.0787,0.0415,0.0485,0.3578,0.3617,0.3519,0.665,0.6777,0.7725
NW_006804531.1,1,500000,202979,32,0.0731,0.0569,0.1214,0.1233,0.3692,0.3931,0.2403,0.4992,0.6416
NW_006804533.1,1000001,1500000,1168449,30,0.0763,0.0286,0.1279,0.3157,0.5219,0.4482,0.6928,0.594,0.7236
NW_006804537.1,1,500000,230557,38,0.1492,0.053,0.121,0.3026,0.3752,0.265,0.4768,0.4267,0.5193
NW_006804538.1,500001,1000000,757357,31,0.0497,0.106,0.1175,0.261,0.3524,0.4195,0.387,0.518,0.5775
NW_006804545.1,500001,1000000,731058,35,0.1555,0.1164,0.0898,0.3737,0.3333,0.2988,0.3847,0.4394,0.4773
NW_006804547.1,500001,1000000,770236,35,0.0455,0.0946,0.0966,0.2738,0.439,0.4435,0.4395,0.638,0.6418
NW_006804549.1,1,500000,215091,31,0.0653,0.0368,0.1275,0.1685,0.4461,0.51,0.4741,0.5563,0.7394
NW_006804550.1,1,500000,212508,35,0.0898,0.0454,0.1044,0.2313,0.4418,0.3291,0.4964,0.5773,0.6421
NW_006804550.1,500001,1000000,695236,30,0.0602,0.0453,0.1096,0.1803,0.5069,0.4554,0.4631,0.6349,0.7213
NW_006804551.1,500001,1000000,766033,41,0.121,0.0848,0.1096,0.358,0.3561,0.3543,0.4751,0.46,0.5711
NW_006804555.1,1,500000,255493,30,0.0639,0.0338,0.1611,0.238,0.4374,0.478,0.6081,0.4884,0.6846
NW_006804560.1,1,500000,262359,39,0.0861,0.0721,0.0716,0.2087,0.3683,0.3667,0.3608,0.6045,0.6683
NW_006804560.1,500001,1000000,751310,37,0.1161,0.0212,0.0768,0.1993,0.554,0.4555,0.5149,0.6764,0.8192
NW_006804561.1,1,500000,256351,31,0.1026,0.1071,0.0845,0.1385,0.3692,0.4057,0.0939,0.5516,0.6092
NW_006804561.1,500001,1000000,768324,35,0.0685,0.0228,0.1405,0.2364,0.4781,0.4231,0.6608,0.5504,0.702
NW_006804571.1,500001,1000000,732865,38,0.0671,0.0519,0.0953,0.15,0.4849,0.5345,0.35,0.6467,0.7647
NW_006804574.1,500001,1000000,766384,30,0.1384,0.0867,0.0711,0.2139,0.4122,0.4588,0.2544,0.5796,0.6994
NW_006804577.1,1,500000,284331,30,0.1323,0.1134,0.1152,0.25,0.3046,0.3135,0.2617,0.3757,0.4619
NW_006804581.1,1,500000,218101,30,0.0778,0.0165,0.0881,0.1399,0.4036,0.3689,0.5128,0.5993,0.7719
NW_006804582.1,500001,1000000,759944,34,0.101,0.0376,0.1006,0.1866,0.5782,0.5326,0.4323,0.6537,0.7819
NW_006804586.1,1,500000,257214,30,0.0615,0.0594,0.1315,0.2631,0.3691,0.3894,0.525,0.4897,0.6185
NW_006804586.1,500001,1000000,691750,32,0.0244,0.0681,0.0896,0.1687,0.3555,0.3617,0.4026,0.6214,0.6439
NW_006804591.1,1,500000,274335,35,0.0694,0.023,0.1331,0.1834,0.4095,0.4315,0.5813,0.5134,0.7177
NW_006804592.1,1,500000,219094,41,0.1377,0.1887,0.102,0.2944,0.3416,0.427,0.1936,0.4423,0.4751
NW_006804592.1,500001,1000000,720389,31,0.1062,0.0406,0.0684,0.2676,0.5635,0.463,0.5414,0.7075,0.7942
NW_006804601.1,500001,1000000,738230,32,0.0536,0.0527,0.1068,0.21,0.434,0.4771,0.4919,0.603,0.7226
NW_006804603.1,500001,1000000,766734,40,0.0838,0.0322,0.09,0.1458,0.464,0.351,0.403,0.6296,0.7179
NW_006804608.1,500001,1000000,752641,42,0.0718,0.0709,0.0993,0.3271,0.4435,0.4792,0.5404,0.6076,0.7012
NW_006804610.1,500001,1000000,763606,38,0.1324,0.0282,0.092,0.2703,0.4786,0.3869,0.5583,0.587,0.7467
NW_006804613.1,500001,1000000,737403,32,0.046,0.0157,0.1123,0.2956,0.5457,0.4609,0.7988,0.6621,0.7787
NW_006804617.1,1,500000,262424,32,0.1131,0.0975,0.1064,0.3575,0.377,0.3719,0.45,0.4959,0.5674
NW_006804618.1,500001,1000000,754947,36,0.1167,0.0725,0.0604,0.3057,0.2793,0.4148,0.4587,0.5024,0.7172
NW_006804619.1,1,500000,243556,31,0.0742,0.1012,0.1167,0.2619,0.3962,0.3948,0.3726,0.5317,0.5664
NW_006804623.1,500001,1000000,774162,34,0.0464,0.0878,0.0882,0.1475,0.3908,0.4745,0.2481,0.6255,0.6836
NW_006804630.1,1,500000,261246,31,0.0808,0.0944,0.1142,0.3222,0.2864,0.3008,0.4552,0.4167,0.4851
NW_006804631.1,500001,1000000,774717,32,0.1374,0.1236,0.086,0.2604,0.4126,0.2928,0.2513,0.5463,0.4608
NW_006804633.1,500001,1000000,747762,42,0.0897,0.0533,0.0883,0.2077,0.4017,0.445,0.4233,0.5842,0.731
NW_006804638.1,500001,1000000,772654,36,0.126,0.1102,0.0978,0.3516,0.3569,0.2956,0.4021,0.4812,0.4728
NW_006804642.1,500001,1000000,750137,34,0.0773,0.0692,0.0712,0.1885,0.3316,0.3957,0.347,0.5847,0.6955
NW_006804650.1,1,500000,253106,31,0.0986,0.0856,0.0823,0.2261,0.3231,0.2818,0.3315,0.5168,0.5357
NW_006804650.1,500001,1000000,727059,35,0.1086,0.0318,0.1144,0.2773,0.4481,0.3509,0.5891,0.543,0.6749
NW_006804660.1,500001,1000000,721340,40,0.0802,0.056,0.0681,0.1969,0.564,0.5438,0.4088,0.7323,0.7952
NW_006804661.1,1,500000,256728,32,0.1476,0.1218,0.1774,0.3138,0.2881,0.3333,0.3153,0.2279,0.3843
NW_006804669.1,1,500000,254628,36,0.114,0.0626,0.0882,0.4497,0.3861,0.2848,0.6182,0.5444,0.5846
NW_006804670.1,1,500000,262379,32,0.1199,0.0979,0.1231,0.2996,0.3583,0.328,0.3784,0.4354,0.4968
NW_006804670.1,500001,1000000,714580,31,0.1277,0.1107,0.0915,0.4009,0.3214,0.329,0.4464,0.455,0.5216
NW_006804671.1,1,500000,273622,31,0.1029,0.0113,0.0767,0.3358,0.5516,0.4547,0.7542,0.6875,0.8407
NW_006804675.1,500001,1000000,749923,30,0.0699,0.0364,0.0885,0.1021,0.6051,0.621,0.2705,0.7147,0.8261
NW_006804687.1,1,500000,241835,30,0.0794,0.0518,0.1105,0.1441,0.4283,0.3442,0.3088,0.5646,0.6298
NW_006804690.1,1,500000,282067,38,0.0399,0.0441,0.0919,0.0972,0.5249,0.5319,0.2946,0.7005,0.7816
NW_006804690.1,500001,1000000,726394,32,0.0562,0.0366,0.068,0.1271,0.5548,0.5047,0.3942,0.7516,0.818
NW_006804691.1,1,500000,205691,32,0.1615,0.0167,0.0889,0.2149,0.3769,0.1744,0.4734,0.4814,0.5628
NW_006804696.1,500001,1000000,756833,32,0.1348,0.051,0.0806,0.3799,0.3838,0.3076,0.5802,0.537,0.6529
NW_006804706.1,1,500000,261111,31,0.0542,0.0491,0.0947,0.2138,0.395,0.5442,0.5135,0.603,0.7737
NW_006804706.1,500001,1000000,729461,30,0.1038,0.0738,0.1533,0.1686,0.4368,0.4655,0.2461,0.4667,0.6189
NW_006804707.1,1,500000,228085,45,0.1291,0.1763,0.0958,0.2789,0.2494,0.3084,0.198,0.3429,0.3718
NW_006804709.1,500001,1000000,720685,35,0.1117,0.0275,0.0566,0.2428,0.4391,0.3765,0.5604,0.6653,0.8063
NW_006804719.1,1,500000,225954,33,0.0672,0.0166,0.1234,0.1363,0.4882,0.4691,0.5355,0.5902,0.764
NW_006804719.1,500001,1000000,742628,31,0.1407,0.0289,0.0994,0.2509,0.4157,0.4898,0.5139,0.5164,0.7832
NW_006804720.1,1,500000,210577,31,0.065,0.0375,0.0661,0.1302,0.4271,0.3835,0.3749,0.6863,0.768
NW_006804721.1,1,500000,250309,32,0.0793,0.0289,0.081,0.2425,0.4722,0.4247,0.6123,0.6598,0.7833
NW_006804729.1,1,500000,249114,36,0.1072,0.0365,0.1186,0.2195,0.4702,0.3003,0.488,0.5517,0.6091
NW_006804731.1,500001,1000000,765271,31,0.1209,0.0565,0.0426,0.4131,0.445,0.4206,0.6042,0.6959,0.7822
NW_006804733.1,1,500000,301304,33,0.0677,0.0408,0.1512,0.2231,0.5116,0.4644,0.5444,0.5534,0.6774
NW_006804735.1,1,500000,237188,30,0.1242,0.0639,0.0653,0.3339,0.4438,0.3168,0.5075,0.6324,0.6579
NW_006804752.1,1,500000,237837,32,0.0971,0.0763,0.0741,0.2591,0.3172,0.4247,0.4116,0.5352,0.695
NW_006804757.1,1,500000,291791,30,0.0707,0.0585,0.1498,0.1905,0.4461,0.4124,0.4028,0.5091,0.6119
NW_006804761.1,1,500000,262278,35,0.0788,0.0682,0.1142,0.3282,0.3513,0.3225,0.5418,0.4918,0.5662
NW_006804806.1,1,500000,244958,30,0.069,0.0235,0.0511,0.1392,0.5641,0.5237,0.4822,0.7825,0.8728
NW_006804819.1,1,500000,221888,31,0.1053,0.0339,0.1245,0.1665,0.3692,0.3092,0.3966,0.459,0.6137
NW_006804821.1,1,500000,253970,36,0.1311,0.0583,0.0686,0.2632,0.4243,0.3788,0.4304,0.6031,0.7127
NW_006804823.1,1,500000,222419,37,0.1166,0.1275,0.1273,0.3726,0.3545,0.3296,0.395,0.4266,0.4383
NW_006804826.1,1,500000,251791,31,0.0169,0.0637,0.1319,0.2446,0.3296,0.3992,0.551,0.5,0.6175
NW_006804835.1,1,500000,264953,33,0.0585,0.071,0.0611,0.2891,0.446,0.3588,0.5167,0.7179,0.6826
NW_006804845.1,1,500000,262262,37,0.0771,0.0393,0.1186,0.2206,0.4244,0.4473,0.5309,0.5471,0.7157
NW_006804858.1,1,500000,248802,31,0.0549,0.0165,0.143,0.295,0.5633,0.5296,0.7779,0.6068,0.7633
NW_006804861.1,1,500000,254717,34,0.0705,0.045,0.0622,0.2129,0.5761,0.5293,0.5027,0.7593,0.8179
NW_006804865.1,1,500000,258549,31,0.0127,0.0809,0.1227,0.3585,0.3061,0.4773,0.6021,0.5033,0.653
NW_006804866.1,1,500000,255105,30,0.0249,0.0319,0.1225,0.2619,0.4925,0.5334,0.7141,0.6327,0.7642
NW_006804878.1,1,500000,284272,32,0.0458,0.0638,0.0768,0.1431,0.5051,0.4856,0.3239,0.7205,0.7471
NW_006804888.1,1,500000,281877,30,0.105,0.082,0.1115,0.242,0.2476,0.3105,0.359,0.3358,0.5274
NW_006804893.1,1,500000,257063,33,0.0963,0.074,0.1198,0.3626,0.4006,0.4665,0.5358,0.5064,0.6618
NW_006804898.1,1,500000,269969,40,0.0946,0.0349,0.0725,0.3004,0.4711,0.4225,0.6219,0.6635,0.7827
NW_006804899.1,1,500000,233751,34,0.0803,0.0606,0.0646,0.2192,0.3661,0.3961,0.4295,0.63,0.7249
NW_006804909.1,1,500000,279708,30,0.0692,0.0387,0.0898,0.1623,0.405,0.5162,0.4411,0.6057,0.7881
NW_006804910.1,1,500000,154296,30,0.1169,0.0986,0.1388,0.3055,0.3283,0.2775,0.3871,0.375,0.4041
NW_006804914.1,1,500000,256649,31,0.0517,0.0911,0.0598,0.281,0.429,0.4533,0.4513,0.7206,0.7038
NW_006804921.1,1,500000,256598,31,0.0706,0.0999,0.1014,0.2822,0.4212,0.4391,0.4061,0.5887,0.6235
NW_006804924.1,1,500000,233239,35,0.0859,0.0448,0.086,0.2232,0.4613,0.4195,0.493,0.6349,0.7381
NW_006804936.1,1,500000,274237,35,0.0543,0.0485,0.0891,0.2003,0.3835,0.4926,0.495,0.6083,0.7617
NW_006804940.1,1,500000,267925,30,0.0584,0.1118,0.1305,0.2037,0.3691,0.4426,0.277,0.4951,0.5695
NW_006804952.1,1,500000,212592,31,0.0658,0.0882,0.1461,0.1442,0.3367,0.3657,0.2074,0.4239,0.5217
NW_006804959.1,1,500000,222424,40,0.1113,0.0831,0.0543,0.3975,0.4249,0.3099,0.525,0.6629,0.6249
NW_006804970.1,1,500000,239653,32,0.0932,0.029,0.092,0.2136,0.4954,0.3393,0.5433,0.6347,0.7139
NW_006804977.1,1,500000,217435,31,0.0989,0.0529,0.1176,0.3174,0.4729,0.304,0.5594,0.5632,0.5748
NW_006805017.1,1,500000,173622,35,0.1383,0.0534,0.0714,0.309,0.3714,0.3438,0.4974,0.544,0.6947
NW_006805023.1,1,500000,194864,30,0.0972,0.0368,0.0746,0.2289,0.3593,0.3088,0.5197,0.5748,0.704
NW_006805042.1,1,500000,228549,36,0.2101,0.1793,0.2421,0.2679,0.3973,0.349,0.1142,0.2258,0.249
NW_006805109.1,1,500000,187256,33,0.1663,0.1653,0.182,0.3662,0.369,0.4159,0.2834,0.3039,0.409
