#D	f_hom	f_d	f_dM
0.240773357414485 0.0435950204953983 0.0320412781313351 0.0353259803592321
0.266350637777907 0.0519178627629683 0.03726565210031 0.0408351404208653
0.22587500492317 0.0401065261587282 0.0292106334642157 0.032434747631974
0.283396243199295 0.056771566499481 0.0413197121529323 0.0447748841853338
0.246095024093359 0.0449404240049563 0.0331691051570785 0.0364803577714662
0.230231677239589 0.0424976963308009 0.029848092302808 0.0329727117021598
0.183956645350838 0.0308838619280553 0.0220306596020883 0.0246292738047232
0.280036761561233 0.0557742493799796 0.0405150116943248 0.0437596973945979
0.241680031717238 0.0438615460437699 0.0323143626083089 0.0353334149845504
0.247222538277276 0.0468358198183499 0.0332486292545846 0.0364401365630051
0.20238413994926 0.0349166442938387 0.025163582239619 0.0279106761509502
0.285315776815474 0.0569602107705871 0.0413965009882631 0.0447241484802303
0.247810686899322 0.0450946943728478 0.0332380211502514 0.0364084003227
0.285462421679164 0.0562618660252713 0.0404793666932822 0.0440822418973218
0.246620809074782 0.0442680996282352 0.0323271943601658 0.0356577411663892
0.27657671730624 0.0545929601476543 0.0394583012083672 0.0432553270149185
0.237639835991872 0.0427132830692735 0.031317250828493 0.034797375348502
0.249775739558361 0.0473610941889255 0.0336647756963641 0.0368317613119336
0.205024539061545 0.0353772945249707 0.0255233061338738 0.028258349255404
0.231886630722382 0.0429379063936129 0.0301283023455633 0.0333425915828625
0.18390730464531 0.0309535377663823 0.0220594535927287 0.0246914199629955
0.279308337129056 0.0552099271053358 0.0398409578816079 0.0436910938889463
0.24001059873103 0.043248802515521 0.031664490913841 0.0351878227611913
0.276220243639495 0.0530169975543065 0.0376501201794372 0.0411911195869318
0.232248981440484 0.0405602959279289 0.0292517466992789 0.0324147669090873
0.28113200443895 0.0549639210869506 0.0393474747507062 0.0434073460858886
0.24114251216257 0.0429191572488974 0.0311958975813442 0.0348682888666335
0.297206459366587 0.059839428588741 0.0435637343484703 0.0465086313379799
0.260851976328348 0.0478900183197595 0.0353624817747914 0.0382577018292548
0.275079490325418 0.0542292404038434 0.0391396169728384 0.0429611798914692
0.235247029875522 0.042245979148249 0.0309319921496449 0.0344004751163207
0.294384462747868 0.0586469702319344 0.0424273738892796 0.0461575871716414
0.25644903612125 0.0465591976892632 0.0341823241653924 0.0376789887694178
0.262306246789061 0.0506742801904022 0.036203238981527 0.0402009275357569
0.220277762360521 0.0387230458533907 0.028081066475906 0.0315753339009679
0.27757958744544 0.0549937171866252 0.0398900430946236 0.0433077007275264
0.23880439929287 0.0430832310806053 0.0316957579401488 0.0348436499095793
0.279270494284252 0.0553720263177166 0.0401475740894367 0.0434242270650124
0.240490943515297 0.0434688222596373 0.0319651455410042 0.03503921343312
0.229398787506571 0.0421878756614009 0.0295984293018204 0.0325204892911074
0.181989878192066 0.0304122845491912 0.0216734881536698 0.0240771303158782
0.270034296222594 0.0529387167318201 0.038118594686767 0.0419420987151856
0.230372914320196 0.0410890685357217 0.0300160414042101 0.0334832569396107
0.22621792320611 0.0415433602794978 0.0290224871169389 0.0322301341874324
0.17671362850262 0.0294793073147934 0.0209230441439362 0.0234919025103492
0.280291623678611 0.0557999362119738 0.0405589543573253 0.0436781022739383
0.242389766021614 0.0440039189138932 0.0324362231499264 0.035425478012361
0.252194221874854 0.0477966332488278 0.0339435818156398 0.0371171776120099
0.207250618722927 0.035761569430485 0.0257843409003235 0.0285079328911307
0.27626592795463 0.0535067719111068 0.0381829665142681 0.0422102475178753
0.236136907964922 0.0416363478054604 0.0301780937188329 0.0337749494887713
0.297504408611344 0.0596341588789915 0.0432447995457935 0.0468029497486484
0.260426362753108 0.047638414742258 0.0350529579420196 0.0384619168858965
0.262378429618161 0.0506017957640896 0.0362781205409487 0.0395938662954562
0.221167148965365 0.0388532265153924 0.0282731348593454 0.0312121115856002
0.267021251956637 0.0520417071899787 0.037402322423779 0.0412729214090301
0.227508961180913 0.040377601586125 0.0294485440143947 0.0329497581312566
0.270091238828227 0.0525014215099087 0.0376799840369925 0.0413306005893838
0.229913407452927 0.0407123447744689 0.0296604305847234 0.032931869665449
0.28293878374117 0.0562329700796007 0.0407371820991043 0.0441272513700838
0.244673059984266 0.0443180021071558 0.0325663772892205 0.0357447332244021
0.267544586992387 0.0513484318519704 0.0365793700729501 0.0401045206351216
0.22410561386277 0.0391719563013534 0.0283273900922074 0.0314715802181218
0.266284411877362 0.0519519821582539 0.0372703201905972 0.0410807256745553
0.225734855187708 0.040119446099917 0.0292085310428854 0.0326242239034324
0.283261839973258 0.055413006005451 0.0398236659031556 0.0434366838663066
0.244781070705801 0.0436234144744589 0.0318298710189729 0.0351445579218634
0.272753081832165 0.0533691720012699 0.0383483334837461 0.0421436168454982
0.233100296744913 0.0415413697106555 0.0302965241453413 0.0337271806726756
0.261325575637123 0.0503178804597069 0.035965219985233 0.0396752984289888
0.220040728780505 0.0385691026847075 0.0279827357731658 0.0312258230038731
0.269505168427554 0.0524121329824332 0.0375731636861409 0.0411839977097239
0.228368805842495 0.0404285447369074 0.029422914591496 0.0326040972307631
0.257402306554491 0.0492032270664877 0.0350945772829331 0.0385603391726568
0.215019325541923 0.0373920821082359 0.0270785255483571 0.0300767007849088
0.279812419820458 0.0556450111231038 0.0403803374984061 0.044017149757874
0.241337915785872 0.043714734846076 0.0321753300835146 0.0355704974694461
0.264861688321239 0.0513955087007519 0.0368190306029423 0.0404193678834755
0.224113088951894 0.0395946773099686 0.0287872172370805 0.0319993524830381
0.255415760842725 0.0473792705599454 0.0332838785167293 0.0366154880496016
0.21029377108092 0.0354720103933539 0.0253262648827531 0.0282069185644178
0.266323893990708 0.051967011854342 0.0373393869644978 0.0409097095256432
0.226182452333582 0.0401896892817808 0.0292994338316652 0.0325311109038321
0.279637966496486 0.0557001877758773 0.0405121261317342 0.0434513608310033
0.241276868390463 0.0438094948108234 0.0323102188858975 0.0351236760336377
0.260873977824863 0.0502875694378805 0.0359920570697858 0.0396344128738658
0.219434508279567 0.0385106543065683 0.0279785884314439 0.0312026709416078
0.226432700318449 0.0416429850918229 0.0291254966197754 0.0319938711608094
0.177723501497327 0.0297144990178492 0.0211100464285793 0.0234371729199562
0.249367227000788 0.0474076992361889 0.0336870506239309 0.037013757992187
0.20531639649017 0.0355647786832827 0.0256540147608371 0.0285478035094071
0.262705550723388 0.0507767173294489 0.0362832688968645 0.0398717342238568
0.220676852309946 0.0388143924171521 0.0281522927278967 0.0313005625703526
0.268831817129915 0.0523384368899649 0.0375190282809381 0.0411269123575938
0.227944178022515 0.0403934611948034 0.0293888701433376 0.0326121468613039
0.251684699950572 0.0477512872533709 0.0339021692622525 0.0371097496755232
0.206647143332451 0.0356969975985756 0.0257256751836563 0.0285125665704435
0.287490607386391 0.0576690107311358 0.0419699977841035 0.0455460530872461
0.250377944556251 0.045788618132026 0.0337984161784867 0.0372016653684179
0.280822509542609 0.0560232514628025 0.0406939483504474 0.0443002484991231
0.243001336356721 0.0442219627243812 0.0325711847544792 0.0359832931796693
0.265611918150068 0.051770309841399 0.0371902192700535 0.04064381911499
0.225204051002079 0.0399967545160009 0.029156767258004 0.0322772186652188
0.247935761818295 0.0468745450002682 0.033247810422173 0.0363748527657201
0.202534095590019 0.0348610216928758 0.0251023432830701 0.0278063881996844
0.281345713658162 0.0556890649459743 0.0402684125828622 0.0439590410855418
0.242291599428969 0.0437094481567298 0.0320703222150464 0.0354753094793239
0.274996843517968 0.0543708709185804 0.0393406930666563 0.0428676188797889
0.235931702841756 0.0424973367607274 0.0311910072322234 0.0344241961588974
0.267666848158192 0.052177955362649 0.0375298371428077 0.0413611453396859
0.227992028715702 0.0404591156340645 0.0295265953566453 0.03299310929784
0.252850819477717 0.0480474547165199 0.0341522311532084 0.037365658488805
0.208018243514336 0.0360103474029168 0.0259837876180299 0.028769509486959
0.282166678869032 0.0565342913193287 0.0412007717975008 0.0444241501652403
0.244899105386391 0.0447500624567248 0.033068099628787 0.036149306526643
0.243780210880993 0.0457162167193232 0.0322243899223412 0.0361402725378357
0.198982832060906 0.0339356159315657 0.0242989789966478 0.0275730340308353
0.287732926461546 0.0575766908481882 0.0418538173145419 0.0453290193562932
0.249879374196208 0.045597058154425 0.033619964362436 0.0369202219987143
0.28298818590054 0.0552998696846329 0.0396493280321862 0.0436304330028529
0.243724192301247 0.0434104252483924 0.0316011637392407 0.0352381255569643
0.280551502089047 0.0559583558347933 0.0407781589948783 0.0436806374740677
0.242933809603727 0.0441489306811834 0.0326213119446027 0.0353926661143576
0.283717772440092 0.0568157356120329 0.0413317970191673 0.044891185642023
0.246186139527563 0.0449453504177684 0.0331484316759817 0.0365472242488147
0.279801246610707 0.0556107674718775 0.0403254903042671 0.0436715591808425
0.241178529536779 0.0436982045540884 0.0321377416174679 0.0352842493101765
0.284032289781807 0.0566826925695184 0.0411398214783746 0.0444969498747572
0.245783310258515 0.0447393992480133 0.0329359701938444 0.036081829148514
0.26891357553454 0.0523099360649149 0.0374675787935914 0.0411093570429119
0.227571330433565 0.0402760977045331 0.0292834403078727 0.0324894492223309
0.250354586526614 0.0476612889539164 0.0338920366915239 0.0372985519716701
0.206290465953236 0.0357642354000965 0.0258153418994997 0.0287873011836523
0.277130047708456 0.0548328167981433 0.0396998185089427 0.043083516531655
0.238331876447824 0.0430020560161641 0.0315770262862186 0.0347469059013703
0.222530738885371 0.0405531946834356 0.0283155724895315 0.0311662204699655
0.174138286647368 0.0288180601692683 0.0204464469731654 0.0227457904318019
0.280112491044416 0.0559040410672299 0.0406600920793125 0.0438789758668875
0.24284520357804 0.0441834324062018 0.0325857626268015 0.0356906831021669
0.268807857695355 0.0525407347565327 0.0377965095702672 0.0416317356431947
0.229142385321532 0.0408054616789593 0.0297864244575212 0.0332834505088484
0.278079572181058 0.055075392861493 0.0399486740423142 0.043031831305774
0.239375450095185 0.04316799741312 0.0317562166828689 0.0346406422595231
0.26034537898403 0.0502889130928909 0.0358802691522805 0.0398503378131701
0.218347993724215 0.0383801925409498 0.0277984267731842 0.0312599709258884
0.259884591032322 0.0499365524539236 0.0356962575897686 0.0394304667249312
0.218350499549033 0.0381591686188271 0.0276906528463575 0.0309513212871223
0.282026010504623 0.0559880872258278 0.0405877730179022 0.0436618821548188
0.243409044472741 0.0440822866918327 0.0324161795920012 0.0353482835567576
0.299953885592051 0.0606561204998373 0.0441334964115903 0.0476327123139679
0.264140167915045 0.0487377964748141 0.0359667038238241 0.0394144487365086
0.274315617691727 0.0540306801907632 0.0390338877174392 0.0425459517234117
0.23450046606163 0.0420990552357838 0.0308512643192927 0.034092825936468
0.285293186834904 0.0568810232926911 0.0412766882807402 0.0448382245683655
0.247095197657807 0.0449527522677082 0.0330938971757173 0.0364265546186301
0.305644079685292 0.0614658544792517 0.0444079724115379 0.0482461523358545
0.267913968601855 0.0491116609428278 0.0360146102063968 0.0396561451156661
0.277727258472517 0.0549939578905749 0.0398719432046185 0.0432388500117668
0.239019620668529 0.0430944656253557 0.0316901995798458 0.0348156220069995
0.260230969300933 0.050201443109592 0.0358524536536316 0.0395449507697216
0.217940795452346 0.0382535948422192 0.0277301712408247 0.0309516436418669
0.297746100434346 0.0596772239562784 0.0432663787599366 0.0468335792429322
0.261619100936161 0.0478308605978887 0.0351857980497274 0.0386134538081093
0.283897141780175 0.0565117912900991 0.0409528137430639 0.044535680518796
0.245516186884659 0.0445838610394736 0.0327777143200048 0.0361215700554597
0.277203749199796 0.0537537900630044 0.0383840098995837 0.042414507959869
0.236660482586951 0.0417922351027512 0.0303056873792115 0.033913504847495
0.265025896701185 0.0513762569480591 0.0368700164073002 0.0405224355861167
0.224673528699823 0.0396728657167361 0.028890628308651 0.0321796648905301
0.297574592481575 0.0599081465990303 0.0435246385096595 0.0467689415185406
0.261821729394481 0.0480700957842128 0.0354286609819283 0.0386222906690929
0.29581840364158 0.0593244243873816 0.043008001387167 0.0463144525165318
0.258378122563199 0.047234947225522 0.034742739011909 0.0378874300959499
0.295949837777654 0.0593237825653611 0.043024839284687 0.0463973897090107
0.259823736941526 0.0474864410083543 0.0349426144139314 0.0381744305179315
0.279187935650368 0.0554167760020615 0.0402077991790777 0.0435208077612917
0.241079680911735 0.0436141617224641 0.0320912676998252 0.0352228950315037
0.262722665724998 0.0507295777731528 0.0363314109469436 0.0400224674979972
0.222064222577465 0.0390486711758012 0.0283868507571206 0.0316530724838044
0.261345050793826 0.0504613899085688 0.0360075120718672 0.0399345882408856
0.218916226781499 0.0384489287766861 0.0278513151945073 0.0312645146431999
0.265385291869396 0.0517777860873391 0.037182167582289 0.040781444183712
0.225106083062191 0.0399928610249492 0.029141797252128 0.0323641583486601
0.24232046432918 0.0454130901834846 0.0320271571452284 0.0354548677561414
0.195379590421648 0.033300778305175 0.0238516452284992 0.0267217410041506
0.268032781476254 0.0524572679123763 0.0377328763855028 0.041253018007084
0.227732313806881 0.0405738193220693 0.0296135728111917 0.0328075388246315
0.275898035304359 0.0545104310179635 0.0394412245489825 0.0428946684922497
0.236721406454743 0.0426168715924327 0.0312783543679744 0.0344844260648949
0.281993084393369 0.0563916942328 0.0410752370003138 0.0442949753261162
0.244363838540578 0.0445334358091662 0.0328890788615255 0.0359793572834949
0.261249776343834 0.0504090843315457 0.0360432822391679 0.0399813645529107
0.220056746569368 0.0386646276542285 0.0280588242669724 0.0315439889250732
0.272856717636269 0.0535751343421275 0.038572160947749 0.0424304853280822
0.23293495914943 0.0416563630107439 0.0304300823365186 0.0339085742152192
0.298287302162546 0.0601022164621509 0.0437313695676915 0.0469399456888908
0.262176038873733 0.0481748676144009 0.0355533580382403 0.0387195185626241
0.263575005293311 0.0510121857269247 0.0366078318958165 0.0399338053611897
0.222587021475953 0.0392273187227565 0.0285693748879687 0.0315469058542205
0.282738151197302 0.0565999476011881 0.0409950578468067 0.044309643761957
0.24484126077154 0.0447705974259474 0.032923674060518 0.0360608434936031
0.269329811371585 0.0529307699707681 0.0379788272939472 0.041329860942774
0.229969068972679 0.0412412924390296 0.0300547578086053 0.0331551585669584
0.286123280200757 0.0577538450030667 0.0420210794951061 0.0452223923467657
0.249827473520385 0.0460545824607342 0.0340107881068129 0.0371515615126552
0.234653945889806 0.0437379976685702 0.0307074308217713 0.0337161709382912
0.189396831584289 0.0321673446857527 0.0229601210827584 0.025504155862038
0.282933039750354 0.0567936953793551 0.0412407528170743 0.0442455039308568
0.245640044901467 0.0450153740285259 0.0331833728815289 0.0360507266699949
0.25078597869687 0.0479211128922984 0.0340066629755433 0.0370357888028486
0.20698313585249 0.0360795636824221 0.0260165569239817 0.0286748163630948
0.288243003342079 0.0579903002949936 0.0421302964795978 0.0452032195237028
0.251577222765848 0.0462086868688187 0.0340778954395469 0.0370813164707143
0.28816066121071 0.0572410682555444 0.0411707982147793 0.0445268289324179
0.250431201966479 0.0453925436537668 0.0331683032235151 0.0363444938537574
0.279430555206364 0.0555961072847807 0.0401691821738773 0.0437232237375731
0.241656247644754 0.043865059011878 0.0321791810166648 0.0355123678337405
0.253322957575405 0.0484455472911571 0.0344245971516896 0.0374196899876616
0.209571455515006 0.0365361818531584 0.0263750351460856 0.029013169768387
0.236032009113892 0.0441134310066801 0.0309425500065928 0.0340195241354576
0.189270047886858 0.0322072633818116 0.022966106893717 0.0255424562796426
0.282303094991798 0.0562495886308881 0.0405784834796925 0.0441908250442973
0.243938961843005 0.0443892350173824 0.0325171941437353 0.035891851699074
0.279355681216243 0.0540827836537257 0.0383997588529828 0.041734108560702
0.236231301336125 0.0416848171515855 0.0300820861740627 0.0331117733785423
0.283676885149453 0.0559183078933571 0.040017612238034 0.0438372656061544
0.244917951543884 0.0440332699085989 0.0320238599777762 0.0355493869538017
0.299651439703623 0.0607883313989717 0.0442391108566129 0.0469101095750674
0.264423617563086 0.0490017833137893 0.03620566777095 0.038909362416722
0.278041630424467 0.0552556978782319 0.0398666023892037 0.0434450870656883
0.239330910956774 0.043412047222553 0.0318033561824497 0.0351298562536633
0.296959724712695 0.0596326507559591 0.0431285249268116 0.0465924085799036
0.260120483068203 0.0476972552473784 0.0350393862584003 0.0383615649103728
0.265402998363159 0.0517038197919773 0.0369252109973091 0.0407172383350925
0.224569228962476 0.039884804022639 0.0289387413174721 0.0323275475028627
0.280369446753201 0.0559875823388322 0.0405979295855307 0.0437686405710846
0.242623071339103 0.0442026701434893 0.0325378770849199 0.0355286237590994
0.282228897900506 0.0564013977309535 0.040878105032047 0.0439111318951154
0.244442003081575 0.0446148705562507 0.0328254181395959 0.0357463597711178
0.233605425550049 0.0433694322129899 0.030416898080286 0.0332176727728816
0.187325565310786 0.0316624744405469 0.0225792949567645 0.0249251972304925
0.273020338979422 0.0539529785491773 0.0388350112856975 0.0424297021997289
0.234468826968097 0.0422296584299982 0.030866137534273 0.0341991285580369
0.230530907071706 0.0427452347631538 0.0298504207416843 0.0329385351780507
0.182339569926648 0.0307667159076531 0.0218478575197993 0.0243775401979419
0.282949503536987 0.0567726375981627 0.0412512247405899 0.0441157326174209
0.246139028123759 0.0451149592372709 0.0332749416865855 0.0360912363108904
0.255892377912368 0.0489139451251348 0.0347269970703419 0.0377277942760145
0.211899570909729 0.0369396833836304 0.0266497948392361 0.0292745847955417
0.279278319920396 0.0545596253467885 0.0389197202790488 0.0427343020215713
0.240421500578797 0.0428539557993414 0.0310798839900984 0.0345453154548057
0.299948412324115 0.0605889024677601 0.0439225321491696 0.0472143312090077
0.263876521195043 0.0487361710352888 0.035881818900703 0.0391107073319981
0.265641741037823 0.0516734511518946 0.0370296071977606 0.0401453678710653
0.22561110589753 0.0400570063869543 0.0291661042102404 0.0319851082486067
0.270307883695578 0.053133895283226 0.0381707923982916 0.0418447579573151
0.231876795142817 0.0415833980120441 0.0303444235074812 0.033722119770783
0.273356583589706 0.0535895919806605 0.0384469964161829 0.0418917421714801
0.234163662666643 0.0418983740365515 0.0305422239479687 0.0336838698315944
0.285986007694373 0.057282634914119 0.0414831569108327 0.0446277381492566
0.24860942713662 0.0454613365757356 0.0334246028133325 0.0364485467975265
0.270687484164663 0.0523895529182204 0.0373096305646018 0.0406361148114173
0.228185413709291 0.0402901162630718 0.0291534628716362 0.0321737863556479
0.269446649609063 0.0530037959093804 0.038009962045658 0.0416139968706191
0.22998582513658 0.0412883655706942 0.0300751803518884 0.033377662739106
0.286220194955672 0.0564584725984418 0.0405603031675764 0.0439486913770905
0.248917627205546 0.0448244633818572 0.0327274796492208 0.0358949501116046
0.275701350252098 0.0543838837328197 0.0390649817163671 0.0426290454134876
0.237051399112539 0.0426602283826096 0.0311305342837005 0.0344233816247864
0.264786431346823 0.0514273764398225 0.0367418428492659 0.0402636025428651
0.224724892402397 0.0398179433846282 0.028904974949192 0.032045722418611
0.272659513496421 0.0534609680110382 0.0383133546198274 0.0417119116058322
0.232503873300268 0.0415734863232992 0.0302736055387379 0.0333346460918115
0.26079209879812 0.0502936507756431 0.0358579014264763 0.0391341647451901
0.219670450048687 0.0386204968523652 0.0279841589029683 0.0308763344900224
0.282558849266542 0.0566331314406869 0.0410852085793715 0.0444628892537603
0.245167695811499 0.0448436577738139 0.0330252335897758 0.0362546465809532
0.267865422498235 0.0524059270414839 0.0375285414999395 0.0409109029455485
0.22834322300835 0.0407489672261381 0.0296428637993108 0.0327376615381656
0.259192085254856 0.0485491728100285 0.0340980610336705 0.0372764858294142
0.2147665252502 0.0366479288952812 0.0261844717849998 0.0289700552562134
0.269307772472193 0.0529778367493692 0.0380516204313831 0.0414064764460959
0.230204243139939 0.0413090198991976 0.0301318650668478 0.0332360353470481
0.282474330309927 0.0567005481984862 0.0412235870375926 0.0439178870537351
0.245136405244925 0.0449353320919827 0.0331586296366979 0.0358084780546572
0.264147145858739 0.0513690089652864 0.0367503596527503 0.0401871443646457
0.223949260338652 0.0397266484437113 0.0288792321446731 0.0319820287044822
0.230654536316171 0.0428210900120165 0.0299366348422296 0.0326757927742629
0.183309534229316 0.0309897485135408 0.0220286699020081 0.0243055993279427
0.252831184058206 0.0484857717922531 0.0344410378134598 0.0375968371386217
0.20985065664868 0.0367266747572676 0.0265072537303358 0.0293024311162753
0.265898854984184 0.0518233346058574 0.0370184455833017 0.0403965420290943
0.225101506795094 0.0400016763885557 0.0290303207075746 0.032071307098441
0.271977667721778 0.0533832298998458 0.0382534893437309 0.0416434759640599
0.232121750948141 0.0415392376931551 0.0302394151386452 0.0333347719291382
0.255411371395839 0.0488713034521681 0.0346846690919266 0.0377239696970292
0.211323106153404 0.0368727494419744 0.0265883421832576 0.0292767577338831
0.290391892256474 0.0587000913278591 0.0427077132269534 0.0460296419428118
0.254123832719727 0.0469069960357029 0.034643690341758 0.0378753203416684
0.283647282706098 0.0570336674975371 0.0414115681096776 0.0447756891900393
0.246753290022784 0.0453338270167207 0.0334077630432238 0.0366620054658824
0.268572632292726 0.0527826226609267 0.0379028658716203 0.0411395767950709
0.229316362877287 0.0411344212100554 0.0300038506982524 0.0329910370878556
0.251513467864293 0.0479630022873134 0.034008344637546 0.0369646780480431
0.20714815332542 0.0360265247875741 0.0259567508784365 0.0285682325626045
0.284261250173621 0.0567198825952543 0.0410040260536439 0.0444497573374558
0.246133958153983 0.0448383630827796 0.0329182098242648 0.0361598055138196
0.27794422898775 0.0553966654732887 0.0400684516884309 0.0433664042432322
0.239918754641032 0.043641861459478 0.0320479878745271 0.0351322908502366
0.271156851031794 0.0533206589965093 0.0383363325607582 0.0419627225202068
0.232519375607917 0.0417041248254635 0.0304520354949095 0.0337913370818051
0.256507543844686 0.049157131343299 0.0349306062938605 0.0379739797416331
0.212513522070812 0.0371640998555063 0.0268321864711784 0.0295208546026992
0.28494357063447 0.0575324975513819 0.0419138164844254 0.0448848639719859
0.248605319914496 0.0458615443930603 0.0339085211651581 0.0368257757995706
0.247395030065416 0.0468268594956317 0.0329930610224252 0.0367491553947328
0.203969093784807 0.0351828693030669 0.0252060604937786 0.0284123241294425
0.290533432384108 0.05858617147752 0.042576455860815 0.0457950594374002
0.253524243798132 0.0467010893513245 0.0344551349329354 0.0375816978950884
0.28595069885517 0.0563525927075007 0.0403889405453268 0.0441490006834655
0.247911101380799 0.0446220114913466 0.0325038576944027 0.0360004138202269
0.283304775837954 0.0569481670260743 0.0414839175234994 0.0441289048579029
0.24671533091771 0.045263763669869 0.0334639373049848 0.0360650097063621
0.286442158148773 0.0577975186691821 0.0420292244513803 0.0453370494398763
0.249895391719053 0.0460532218123053 0.0339831277915707 0.0372162219339497
0.282640790254791 0.05661617006383 0.0410390816452567 0.0441404385533328
0.245074954246943 0.0448336579406261 0.032991206004784 0.0359854828492807
0.28697844824772 0.0577123654267053 0.0418733288535816 0.0449877953748344
0.249563462519258 0.0458617837845624 0.0337807648926434 0.0367705949692999
0.272087329219749 0.0533608609200027 0.0382093185975765 0.0416338558915218
0.231770038887097 0.041430205113987 0.0301403626840457 0.0332243634363587
0.254013062060665 0.0487696756009065 0.034667796453627 0.0379049307573439
0.210964054881275 0.0369493833427564 0.0266858522583552 0.0295653900358422
0.279928722369129 0.0558240760538417 0.0403989563577852 0.0435458388536796
0.242243524820072 0.044127974227819 0.0324203951997805 0.0354393969808917
0.22688095702666 0.0417569269693494 0.0291462430313262 0.0318853846477299
0.17973640850285 0.0300968270240384 0.0213679367139748 0.0236209688567827
0.28292450758157 0.0568957328299164 0.0413649956154296 0.0443355088529108
0.246665768301955 0.0452996383643935 0.0334272245219792 0.0363646514498545
0.272013582823697 0.0536183158531687 0.0385551286591011 0.0421830849381858
0.233396885668676 0.0419981962286174 0.0306743218805497 0.034046062917439
0.280919036946434 0.0560750604285559 0.0406598692021008 0.043504229617477
0.243237296734098 0.0442874046121381 0.0325981695651377 0.0353280381159051
0.263568688550383 0.0513465754254542 0.0366210383798482 0.0403909396805956
0.222788320786798 0.0395700234549677 0.0286754743726656 0.0320318355336693
0.26317408021721 0.051011452682787 0.0364495540803053 0.0399927923847572
0.2228298776944 0.0393617889137728 0.0285793043217241 0.0317297457934187
0.284884523086518 0.0569968407633617 0.0413034416527469 0.0441340308641067
0.247178216065128 0.0451851551149399 0.0332456886152676 0.0360179935902503
0.302407316930508 0.0616132040076951 0.0448141405315886 0.0480406590287585
0.26748137586619 0.0498187263441768 0.0367856958922243 0.0400415274319761
0.277089737963998 0.0550185996274575 0.0397321242158924 0.0430043743135779
0.238415622674924 0.0432225502140424 0.0316931164573656 0.0347867701198793
0.288255459344071 0.0579286340032555 0.0420243381056445 0.0453314667308731
0.250926886116302 0.0460892432775543 0.0339502516936408 0.0371183802244112
0.307869050855937 0.0623949998114119 0.0450711983067387 0.0486166479562361
0.271179526111454 0.0501928698712342 0.0368303058190712 0.0402692160472978
0.28049742266188 0.0559877335381474 0.0405787497182173 0.04370144424412
0.242879379164885 0.0442211482665742 0.0325367446142592 0.035507390215834
0.263270003172711 0.0512149789079481 0.0365607250422592 0.0400385755760954
0.222316027212506 0.0394244209156765 0.0285943617287308 0.031702082606869
0.300253262062917 0.0606465423833368 0.0439564938957143 0.0472523911384729
0.26515399485763 0.0489469774302581 0.0360296382961611 0.0392697059629551
0.286848726044604 0.0575481823308983 0.0416897140633588 0.045027658791029
0.249329692915851 0.0457121047669301 0.0336254947702771 0.0368121357633933
0.280138925895671 0.0547916235068913 0.0391108338628674 0.0429229781851975
0.240855778661117 0.0429954672898866 0.0311984765886092 0.0346739478192093
0.268229541379065 0.0524458542169612 0.0376208080388528 0.0410657103693221
0.228951131942383 0.0408538568502454 0.0297671591538126 0.0329315096015266
0.300042281894487 0.0608634373119188 0.0442046062709887 0.0471766162179548
0.265270768348687 0.0491635862388566 0.0362562104690168 0.0392603370780877
0.298512275397288 0.0603276678450088 0.0437226249755618 0.0467677189054078
0.262153507110577 0.0483895313920284 0.0356150044075607 0.0385869119895828
0.298503850772448 0.0602926096597546 0.043713271786948 0.0468298004672779
0.263463854824037 0.0486121185008374 0.0357920408385698 0.0388474480964491
0.281956855862366 0.0564028663241709 0.0409058640508778 0.0439692468502728
0.244998547793268 0.0447480063439746 0.032943201261824 0.0359175536937214
0.266019651339031 0.0518081484876801 0.0370873728859271 0.040586478242933
0.226490773496496 0.0402523117042354 0.0292777927144278 0.0324333320474302
0.26454801208249 0.0515158389482912 0.0367477305524198 0.0404672215078531
0.2233740180113 0.0396431221919614 0.02873317346173 0.032040190083993
0.268472764450168 0.0528120206591376 0.0379102830340015 0.0413054048750924
0.229265701459 0.0411390476837866 0.0299928836718213 0.0330939701029441
0.246027912881366 0.0465176317444734 0.032796112915763 0.036069231491062
0.200326680863112 0.0345099676854752 0.0247315968371028 0.0275297734762259
0.27103163561138 0.0534754569821996 0.0384512196895301 0.0417572221983711
0.231840173221349 0.0417149211128718 0.0304634870254317 0.0335334020833942
0.278650830420356 0.0554959944853561 0.0401387436720342 0.0433476809397049
0.240687432490728 0.0437555370775874 0.0321327001142831 0.0351854937516168
0.284765251502034 0.0573873055601578 0.0417842170932665 0.0447499214130337
0.248194980295514 0.0456579786376764 0.0337384779449122 0.0366621946020858
0.264758868963142 0.051545740147066 0.036840427980118 0.0405880208326513
0.224677653198542 0.0399110720828793 0.0289790841255168 0.0323519939084737
0.275902165080227 0.054612764490215 0.0393060894388695 0.0429320239183763
0.237158478460435 0.0428423680756443 0.0313141980674454 0.0346572257115011
0.300621245893622 0.0610369876431023 0.0443953291028943 0.0473185360262156
0.265634422607008 0.0492714982426898 0.0363849244794787 0.0393531326210863
0.26681324566529 0.0520876552663599 0.0373636159345519 0.040485812866915
0.227018844028761 0.0404346750353302 0.0294669214315152 0.0323182144957233
0.294749504806353 0.0592805081181156 0.0429827990572047 0.0460587923152972
0.258042400808002 0.0471511376974034 0.0346845595932047 0.0376726653981875
0.282080566952562 0.0557141778187831 0.0400221327507106 0.0431759698570905
0.244161478161546 0.0437824386318193 0.0319179297334258 0.0348991388214579
0.298147225648969 0.0604721292375049 0.0440459571810642 0.046989958506462
0.263036640351879 0.0484691683758543 0.0358065253698112 0.0387885642409935
0.2476929454315 0.0463932791657285 0.0326188603615605 0.0354642080052111
0.203482209525574 0.0345068842548999 0.0246466125620547 0.0271229403298634
0.294929160957152 0.059474203161628 0.0432312432112835 0.0459732303462411
0.258732736988099 0.0473818912210686 0.0349368332975854 0.037632554160448
0.263821841356027 0.0506714755406173 0.0360012948121152 0.0388456217757007
0.221078128859584 0.0385157745519424 0.0277861125411024 0.0303479144247819
0.300154535970349 0.0606911955827041 0.0441378671478737 0.0469289914448884
0.264795472545507 0.0486286237721723 0.035871818720214 0.0386947195995006
0.300722786131937 0.0600588555622514 0.0432533351399673 0.0463926771215179
0.264885714070868 0.048032628668402 0.035112838155077 0.0381557606243895
0.291634470141725 0.0583150218146036 0.0421818054975643 0.0455178674183996
0.254962831665932 0.0462524445957942 0.0339443851174611 0.0371472890417806
0.266255240570402 0.0511743357883552 0.0364060660690058 0.0392031630655575
0.223486388285972 0.0389332945568452 0.0281182912162378 0.030653650893011
0.249499662737979 0.0468608951992596 0.0329133814609429 0.0358517289173115
0.204074318209025 0.0347051986166492 0.0247621157725045 0.0272835569732842
0.294313000833275 0.0589166775402186 0.0425495949390863 0.0459272511785548
0.257286791260447 0.0467955401858691 0.034293316023109 0.0375274604017413
0.292320524543694 0.0568754164434463 0.040427574303317 0.043551885355405
0.250900874769499 0.044265281428927 0.0319520711687302 0.0348760567632901
0.296685582002257 0.0587688197328295 0.0421180335699886 0.0457678043106393
0.259694542781389 0.0466930740654767 0.033980187750272 0.0374132109267326
0.311645949782132 0.063515834608858 0.0462763754978981 0.0486697890199754
0.277619158176392 0.051428044942713 0.0380085464720939 0.040532411627111
0.290098032425744 0.0579196802670157 0.0418365451398731 0.0452097633070458
0.252471367478448 0.0457550110308368 0.0335331058802114 0.0367349376658992
0.308912578554635 0.0623421350906775 0.0451431507382437 0.0483626001036354
0.273501951569493 0.0501352035404836 0.0368457588750593 0.0400249411956248
0.278199419316644 0.0544734673152342 0.0389542455159858 0.0425901992054162
0.238718573779067 0.0423908331609525 0.0307751188349342 0.0340802154424061
0.292400636012015 0.0586633257696452 0.042583591523452 0.0455092577778031
0.255781979698471 0.0465640348461273 0.0342884787722606 0.0371247758160894
0.294182882308373 0.0590697247922769 0.0428611992649828 0.0456304092098875
0.257849283209375 0.0470276981071757 0.0346128846238169 0.0373699450860794
0.247045143627632 0.0461029053460542 0.0323804283317048 0.0350207710892818
0.201618110914927 0.0340392708812929 0.0242903778010314 0.0265621290062207
0.285683792196611 0.0567581131712597 0.0409006703775722 0.0443069983160332
0.248486470687987 0.0447589983108335 0.0327268784851428 0.0359503579373221
0.243951399233137 0.0454516968406612 0.0317910481756204 0.0347476776306398
0.197074577344174 0.0332233040069739 0.0236132419525368 0.0260953506043305
0.295286942093113 0.0595121387613962 0.0432876561635578 0.0459033103739035
0.259551065719836 0.0475402510230154 0.035074144782653 0.0377460975853435
0.268672276601762 0.0516199803243686 0.0366882293645735 0.0394886683551807
0.226291035250389 0.0394295991928168 0.0284570711875315 0.0309833484151497
0.291906157888063 0.057309686153488 0.0409391286340034 0.0445425681740856
0.254048967323976 0.0452442701943268 0.0328305753421976 0.0361857848766264
0.311891068502392 0.0633097104459881 0.04594943712477 0.0489809098572195
0.27744787264749 0.0512285979035887 0.0377300656145546 0.0408026517531814
0.278216620730464 0.0543850387861087 0.0390220773758719 0.0419353196214165
0.239154086185324 0.0424192603392378 0.0309005771687338 0.0336042488736671
0.282841854804712 0.0558673832002403 0.040184515361548 0.0436383632917327
0.245236499790796 0.0439468669268485 0.0320849212790342 0.0353385970993548
0.285779199811133 0.0563128718094369 0.0404466418422183 0.0436722090046366
0.247854240868491 0.0443269309945633 0.0323261748967852 0.0353435443723448
0.297902000632846 0.0599726917634943 0.0434772340978589 0.0463475543678875
0.261854050382655 0.0478729646699716 0.0352084774024996 0.0380551282174228
0.283746621668744 0.0552030924029886 0.0393632609645261 0.0424943830548749
0.242560380592225 0.0428154665851312 0.030993294160902 0.0339192899385408
0.281974637429374 0.0557508311325116 0.0400279798935557 0.0434411414710121
0.244099904495222 0.0438200582466734 0.0319330926767468 0.0351254337826296
0.298650574971961 0.0592110297654733 0.0425906235324291 0.0457392355272301
0.262577308647151 0.0472518525245969 0.0345117843138784 0.0375393882842039
0.288383080623925 0.0571873132101818 0.0411238839816753 0.0445056487889114
0.251760433063083 0.0453250527707331 0.0330866397099997 0.0362795604475473
0.277294344517585 0.0541346836304847 0.0387255123550277 0.0420492261536808
0.238198508010491 0.042165487355785 0.0306239840828966 0.0336493803600264
0.285254028380815 0.0562210249604159 0.0403358856061835 0.0435413387471757
0.247160407941179 0.044206055489524 0.0322027625731894 0.0351550805117834
0.273335744517435 0.0529669651122646 0.0378153851141688 0.0408870935855665
0.233135709162217 0.0409380636975847 0.0296812814917831 0.0324539101507757
0.294590333354209 0.0593260123222969 0.0430844955960614 0.0462337843945724
0.258297676897597 0.0472088596233463 0.0347798741633998 0.037870633732713
0.280695397188249 0.0552014043975637 0.0395784754600081 0.0427818746997473
0.242673609651658 0.0433009936247396 0.0315132546183575 0.034499945661244
0.27286120274138 0.0513648476648899 0.0361190499839411 0.0391292721642245
0.230126098615145 0.0392316502599103 0.0280390807701914 0.0307570484318985
0.282197359372039 0.0557825915129979 0.0401139002377131 0.043270499734019
0.244444531137295 0.0438571455855258 0.0320050124065711 0.0349889275164331
0.294422298656012 0.0593835993224322 0.0432213140608901 0.0456390884026828
0.258206219576415 0.047307202348856 0.0349200416545309 0.0373953232297116
0.276780227432961 0.0540819925028843 0.0387414236261439 0.0419909090288225
0.23727287321704 0.0420454902124536 0.0305794282628205 0.0335793493879077
0.244467015392479 0.0456094700622032 0.0319312349238286 0.0345168800323181
0.198155670131865 0.0334810160209898 0.0238146357577876 0.0260273247813267
0.265999849888926 0.0512555528942312 0.0364515713940228 0.0394319584756696
0.224153508899873 0.0392011934282738 0.028306589464259 0.0310226312790257
0.278662524880481 0.0545772177531914 0.0390321226824481 0.0422317293035691
0.239327900128283 0.0425169947746134 0.0308690192645334 0.033805847709741
0.284713975838607 0.0561773435752206 0.0403025024391585 0.0434981389325565
0.246435375321593 0.0441201971934668 0.0321304823070184 0.0351189031345624
0.268125261294201 0.051565150767444 0.0366412424534357 0.0394790258568766
0.22546069626215 0.0393290133492713 0.0283722899814906 0.0309611825692111
0.302227603408157 0.0613945736147932 0.0447103552872888 0.0477600169844014
0.267179638234169 0.0493142446138765 0.0364292718248298 0.0394880156387546
0.295620968443493 0.0597151353967938 0.0434035489995083 0.0465148469858376
0.259922886999035 0.0477298214183557 0.0351827520433139 0.0382809056801711
0.281557490435873 0.0555951096874957 0.0399685289768945 0.0430166649223606
0.243622807435366 0.0436923656052477 0.0318807129334856 0.0347661371670042
0.264475693027124 0.050682098611941 0.035981572103321 0.0387431873516622
0.221213814685356 0.0384412499401989 0.0277114509808065 0.0302222173324983
0.296325280365785 0.0593968963934966 0.0429829368556936 0.0461864217620491
0.259658554428721 0.047276598669046 0.0347197850321149 0.0378279031846799
0.289969676683789 0.0580537252948406 0.0420376349472244 0.0450839554495525
0.253109712697313 0.0460074238209391 0.0337984961456609 0.0367303267093924
0.283276963935705 0.0559696205292203 0.0402887745391591 0.0436933786345053
0.245564527636573 0.0439979600824897 0.0321412646829099 0.0353536674274832
0.269148623496195 0.0518438152134152 0.0368811479533984 0.0397209728434363
0.226674452159638 0.0396250532100707 0.0286213565991448 0.0312027252777616
0.296807053674698 0.060208607231998 0.0439059585778315 0.0466107747090185
0.261596183391394 0.0482281603515478 0.0356663752416428 0.0384051061830526
0.260706160268489 0.0496078084579147 0.0350064438392512 0.038637273815005
0.218429160284238 0.0376639732037979 0.0270043921354125 0.0301585259931669
0.3023854033967 0.0612687390035807 0.0445691100713364 0.0475212344184655
0.266921662146786 0.0491564108474046 0.0362751350535819 0.0392415942474284
0.298304975786504 0.0590858469736844 0.0424033486115001 0.045941261456423
0.261428646456452 0.0470394239466074 0.0342789759290181 0.0376490443420284
0.295438933087333 0.0596638462135604 0.0435064323440532 0.0458858915518749
0.259798703490211 0.0476346770559043 0.0352258503536542 0.0376563945978084
0.298384930054565 0.0605061023244747 0.0440481508394998 0.0470966734849089
0.26316359364884 0.0484808846030263 0.035787007231874 0.0388563638714797
0.294639445123696 0.0592921622949087 0.0430268212183686 0.045866594306182
0.258220550365425 0.0472097163961474 0.0347514180566583 0.037574580002344
0.298727456250004 0.0603731972850148 0.0438482610847588 0.046693655018467
0.262749367249823 0.0482719154151207 0.0355662393129044 0.038377647538974
0.284736861217956 0.0561288668390641 0.0402347264464101 0.0434645927006552
0.246263052979698 0.0440338063320938 0.0320456261857141 0.0350171007680395
0.266841299651196 0.0515125673684712 0.0366609833707969 0.0397127822370569
0.224824885730497 0.0393621329500084 0.0284408202537705 0.0312279870512646
0.292151575776284 0.0585415634837334 0.0424160909860736 0.0453273855868311
0.255615541303467 0.0465452457735276 0.0342097520784854 0.0370878728281196
0.240481920262642 0.0444808606525458 0.0310947508701239 0.0336792657849689
0.19409783249897 0.0324554897737386 0.0230592525419477 0.0252442602094351
0.295145260153127 0.0596523675650296 0.0434169736020115 0.0461274550780479
0.259872959684756 0.0477092354991149 0.0352165397986852 0.0379947030604982
0.284264799389812 0.0563163004175648 0.0405453710202328 0.0439606576664556
0.246637356890698 0.0443499973349567 0.0324074129044615 0.0356494117558483
0.293054952535312 0.0587727072099994 0.0426609407327139 0.0452306273984696
0.256445110146505 0.0466654918510928 0.0343601123671121 0.0369131067449709
0.276460388071364 0.0541129389886965 0.0386446457145459 0.0422597995721798
0.236984177090547 0.0420743363846495 0.0305073511639959 0.033779328526968
0.275771506376788 0.0537218585858173 0.0384361076690976 0.0417811372718604
0.236256015455293 0.0416941711322242 0.0302893765008503 0.033327285234333
0.296902336921129 0.0596908258324869 0.0433032693009305 0.0458605584211982
0.260532745843319 0.0476175999315268 0.0350469228353849 0.0376473058483004
0.314097806538863 0.0643209798479061 0.0468392971281895 0.0497798807158285
0.28081075525956 0.0522965959832844 0.0386268435278616 0.0417019493633508
0.289367607749818 0.0577181876949036 0.041728931775399 0.0447790158361508
0.251639038747736 0.0455902021142438 0.0334406101767784 0.0364003000734227
0.300151271628584 0.0606048611121726 0.0440074326498123 0.0470698497683417
0.26434539213618 0.0485368848628731 0.0357600615246059 0.0387796764634534
0.320046059707098 0.0651746728433884 0.0471292946217841 0.0504163305411475
0.28497849814622 0.0527427806633359 0.0387133741945302 0.0419984990868217
0.292620694441731 0.0586762364201738 0.0425755986440929 0.0454488626772758
0.25614430548941 0.0465963330844295 0.0342991941532634 0.0371157007274665
0.276260724472706 0.054008309369314 0.038606949253236 0.0419381979882095
0.2365064848144 0.0419284173239447 0.0304279240176683 0.0334565873384837
0.312329041632916 0.0633951218897164 0.0460018716076638 0.0490336699974119
0.278833467872164 0.0514582414712195 0.0378892089981276 0.0409753571814439
0.29874749874391 0.0602295516885762 0.0436770682533318 0.0467669540031226
0.262753304114625 0.0481590162794882 0.0354360121396392 0.0384711969645477
0.29266443294216 0.0575304886831271 0.0411229431062696 0.0447339785610707
0.254390722558039 0.0453751523604297 0.0329405469630554 0.0363063755600247
0.280724298760049 0.0551530349150455 0.0396128067539941 0.0428447787765813
0.242395818356872 0.043211812013345 0.0315010578186553 0.0345400254161568
0.311989397795345 0.0635995808891935 0.0462471005817578 0.048923674009871
0.278721292256174 0.0516456115489499 0.0380999866578788 0.0409167688413774
0.310465673750644 0.0630341528478855 0.045734276517867 0.0485016226175469
0.275397310281451 0.050814296992176 0.0374086927101081 0.040202670191207
0.310578152131666 0.0630305840522066 0.0457533183558292 0.0486006840327771
0.276972553043266 0.0510905107041761 0.0376311363878942 0.0405188433602419
0.294252436370958 0.0591596429081164 0.0429535785639416 0.0457781323727288
0.258267235761429 0.0471539636512046 0.0347259343806769 0.0375510836521008
0.278516792057158 0.0545214142779429 0.0390792553062845 0.0423784665151628
0.240033644015603 0.0426247031751609 0.0310196214888794 0.0340590824763613
0.277385843635565 0.0542760394446338 0.0387650447664332 0.0423287692772386
0.237516805373057 0.0421369469836238 0.0305557064162469 0.0337813413260046
0.28121551920977 0.0555879908035755 0.0399495196111501 0.0431437910726985
0.243483782347936 0.0436876282009357 0.0318637253091476 0.0348446652770768
0.259137587208196 0.049232082275211 0.0347569127220071 0.0378740180585076
0.214433859984411 0.0369047935206836 0.0264657502641633 0.0292003937726002
0.283635981527825 0.0562415668741946 0.0404885397880466 0.043581897098476
0.245874766632649 0.0442364606487515 0.03231901827518 0.0352578023817725
0.290942046747992 0.0582183829882314 0.0421550766789664 0.0451367579177883
0.253945259554648 0.0461359507650281 0.0338918110977927 0.0368072136886487
0.296840665558526 0.0601042210467664 0.0438082752502582 0.0465123601912132
0.261075728755282 0.0480075122267257 0.0354836746522427 0.0382398327225605
0.277059255442293 0.0541870203929591 0.0387804636143053 0.0423228587447623
0.237954225986289 0.0422183629274929 0.0306721078218197 0.0339366414917886
0.28814364095949 0.0573069455169715 0.0412934009001628 0.0447109851834836
0.250515082544575 0.0452172057734674 0.0330634577359864 0.0362860541012526
0.312669825437938 0.0637944264445137 0.0464543400100331 0.0491115574109847
0.278942756123187 0.0517294134281124 0.038209517008036 0.0410105511248283
0.279421283991786 0.0548111382300129 0.0393646033644488 0.0422705855677704
0.240406149969736 0.0427803052735928 0.0311886067062034 0.0339146527625249
0.239382145915972 0.0456823941473254 0.03305114245615 0.0358439046313088
0.198734841299747 0.0345473372256151 0.0253569666531844 0.0278627509652598
0.224269100365378 0.0419753272623569 0.0300824788294288 0.0328580380160801
0.181974036246563 0.0309967877897151 0.022543244739622 0.0249596888508441
0.243374028231356 0.0468597718409205 0.0340564878822381 0.0367730057360686
0.204517794134232 0.0358660325481506 0.0264367278906617 0.0289794814561519
0.183936352840849 0.0325056905347879 0.0227924434327171 0.0250980836299128
0.135046034591848 0.0216741371297321 0.0154373929033619 0.0172082735714302
0.239769157834364 0.0458898033407765 0.0332871445625183 0.0358252180114483
0.199793402260704 0.0348142838574235 0.0256143822362149 0.0279169330880643
0.202850858606589 0.0368398715043404 0.0261101825128861 0.0285211381312126
0.155609979631776 0.0257012216328657 0.0184940180002119 0.0204528068217494
0.245350112570214 0.0470785171188371 0.0341641188461466 0.0367724950191695
0.206309712279845 0.0360495655289756 0.0265344779317687 0.0289670203721766
0.244775846714982 0.0463471972454407 0.0332918093793143 0.0361317608977919
0.204391275765887 0.0352127190066603 0.0256761313899961 0.0282361190132611
0.235703395536997 0.0446964414923677 0.0322566581890413 0.0352389813034013
0.195041997213984 0.0336455468476145 0.0246345590168492 0.0272818956933428
0.205524819354611 0.0373599074612705 0.0265130165621922 0.0289096469659008
0.158460597220366 0.0261748013070866 0.018855222345705 0.0208140299575536
0.185301636388178 0.0328585098204121 0.0230167518553518 0.0253959742191607
0.134709711975152 0.0216826261883858 0.0154282096376293 0.0172220969059179
0.238596387124105 0.0453031179632698 0.0326420969133235 0.0356724661093875
0.197702526298257 0.0341891151719378 0.0249958629568031 0.0276888031990521
0.233320977843496 0.0429590978250448 0.0304545463923129 0.0332075013976945
0.187802497995392 0.0314099737900535 0.0226165211115829 0.0249860325448164
0.239742745288484 0.0450082637779214 0.0321669917870086 0.0353724800129029
0.198112050410961 0.0338223262228295 0.0245472666631722 0.0273542662911387
0.258305261237018 0.0499966451638097 0.0363426964561825 0.0386636266380418
0.220654961818396 0.0389033144590213 0.0286865738029475 0.0309378001838656
0.234085013847719 0.0443253689402822 0.0319433695553096 0.0349441535858596
0.192516549315066 0.0331766094387299 0.0242576672747663 0.0268921893675122
0.255035424536829 0.0488306909397423 0.0352700930722539 0.0382378120065577
0.215656256154842 0.037591159342261 0.0275585848080872 0.0302777570160753
0.219663700852235 0.0407339892208973 0.0290559958853125 0.0321652647921011
0.175686702235748 0.0296161716777224 0.0214456825245834 0.0240457639389525
0.236931639173451 0.045102261473572 0.0326677829560572 0.0353368251535563
0.196527319512357 0.0340324004742412 0.0250029064758455 0.0273945542166808
0.238723043759392 0.0454789829040282 0.0329263273273854 0.0354837620612393
0.198319948837355 0.034411941996265 0.0252707167599016 0.0276075264098593
0.182845224756578 0.0321858736484654 0.0225436590437576 0.0246914852439383
0.13271365147385 0.0211948180266282 0.0150812312679248 0.0167074290808831
0.228392590967098 0.0430079188781978 0.0309207788283271 0.0339112168691379
0.186901805241634 0.0319897365274661 0.0233357741685853 0.025953030169575
0.178904598706473 0.0314489352626097 0.0219318808399806 0.0242865556780117
0.126611724645209 0.0201890307889581 0.0143060318866552 0.0160205162327446
0.239898940426895 0.0458945478326523 0.0333113176971236 0.0357477021499867
0.200411121670339 0.034929388474955 0.0257129009139517 0.0279916211566296
0.208095580680488 0.0378067316165815 0.0268054623060928 0.0292126186395611
0.160805011608305 0.0265620947318635 0.0191217842209823 0.0210791370477433
0.234622881155975 0.04359457152613 0.031056782995749 0.0342180037733914
0.192849230320584 0.032586215026947 0.0235825638680682 0.0263120746004942
0.258416424456208 0.0497870536876375 0.0360478651806261 0.0388755656766813
0.219926138022748 0.0386315381792728 0.0283853659109782 0.0310445479098093
0.219781744088451 0.0406661763173666 0.0291103013846026 0.0316675254760135
0.176620207660353 0.0297362836130035 0.0216078295273282 0.0237862053353317
0.225198170567149 0.0421271673998906 0.030230051130843 0.03325036807642
0.183821605081234 0.0312838297832861 0.0227838860182282 0.0254150583096817
0.228183991664283 0.0425657914589571 0.0305021797739411 0.0333391518794294
0.186220601472773 0.031611920003915 0.0229975849505102 0.025453096859964
0.24264322213474 0.0463387393567944 0.0335188982881605 0.0361738387947128
0.202817547623084 0.0352676779070989 0.0258794038972732 0.0283102709573355
0.224855837421668 0.0413870923346589 0.029433516196539 0.0321646764371876
0.17928806298193 0.0300117364668688 0.0216696133209929 0.0240025664734513
0.224273435602096 0.0420184720137677 0.0300977184114999 0.0330679851057997
0.181882564685363 0.0310175636555092 0.0225500527899058 0.025112280416253
0.242513388869721 0.0455357048788317 0.0326722562676737 0.0355117337900231
0.202517417095384 0.0346056069352326 0.0252126504670274 0.0277497806565431
0.231129411933226 0.0434301954905972 0.0311586067479593 0.0341275126692215
0.189607244981802 0.0324203373966887 0.0236107561522649 0.0262027524826483
0.218597559999454 0.0403773662223767 0.0288150089423472 0.031680858995822
0.175319282723349 0.0294508067516196 0.0213359322613255 0.023737645165258
0.22748990214044 0.0424767566442336 0.0304043043233072 0.0332159038989189
0.184398715264873 0.0313142779052497 0.0227572634718523 0.0251445075396122
0.214179887886363 0.039260916036678 0.0279588020327134 0.030619509168509
0.169731330135801 0.0282733855754531 0.0204450529389832 0.0226408253114765
0.239325205474617 0.0457318226010193 0.0331377679708407 0.0359950082568621
0.199200285979816 0.0346372315663829 0.0254599825250304 0.0280524966635794
0.222457529571055 0.0414408642178756 0.0296417355692977 0.0324349616982622
0.179800346960075 0.0304662640174494 0.022118897177136 0.02451406041888
0.209922209016152 0.0372878790877671 0.0261471682366279 0.028671928513673
0.163070831978093 0.0262869061998922 0.018737921821563 0.0208098063719748
0.224238099540958 0.0420161130655974 0.0301437271675631 0.0329135264572
0.182301062503072 0.031074998236497 0.0226226346180055 0.0250412966765332
0.239217408080199 0.045793822837112 0.0332591236897645 0.0355461224107549
0.199341981724402 0.0347535958964795 0.0255967562689783 0.0277376739121674
0.218292570497053 0.0403714632463934 0.0288487312249066 0.0316675225003154
0.174892510437508 0.0294162555022759 0.0213400974824943 0.0237277566380517
0.179346677727314 0.0315760486411923 0.0220460187843017 0.0241486270579443
0.127857365891115 0.0204360881656739 0.0144946736044732 0.0160530193932007
0.205292464233251 0.0374198631127114 0.0265471170293783 0.029070819981475
0.158906565318211 0.0263558474007058 0.0189829871096743 0.0210591009465649
0.220021975255693 0.0408152941081021 0.0291199742177589 0.0318958510933176
0.176015307691534 0.0296860314087231 0.0215005350338333 0.0238353656091603
0.22682076527783 0.0424003181101848 0.0303471644023732 0.0331588411519841
0.18401915824971 0.0312812176987372 0.0227256676203507 0.0251465816883612
0.207550235885802 0.037749542905207 0.0267564799278707 0.029199122976983
0.160271527877959 0.0265046912145367 0.0190714593732705 0.0210781641229271
0.247909430457852 0.0478048164980337 0.0347399319813478 0.0375671640260857
0.209300839350814 0.0367632559674161 0.0270996278623688 0.0297289063823618
0.240608794023163 0.046131427298578 0.0334600123161037 0.036294980751923
0.201271420813419 0.0351712415568614 0.025870056158118 0.0284829455192625
0.223560574053678 0.0418421757402691 0.0300124596887293 0.032694132213584
0.181281620501638 0.0308881905878111 0.0224848645109766 0.0248189233018587
0.203439176125907 0.0368639041289381 0.026104455557394 0.0284612485629841
0.155593463761767 0.0256326635612469 0.0184293267724421 0.0203511204592466
0.240815574937705 0.045791787209167 0.0330623138969687 0.0359637204780739
0.200120985178766 0.0346490439383263 0.025387224731882 0.0279872711225266
0.234105520189222 0.044469048184221 0.0321285921339367 0.0348867648973814
0.19343830265126 0.0334445442433011 0.0245128251007054 0.0269650207124232
0.225779355320995 0.0422462456929126 0.0303399994315561 0.0333238849202388
0.184314286832619 0.0313639257877928 0.0228570391690123 0.0254583631547651
0.208860529823455 0.03804972986499 0.0270014396496075 0.0294446476966798
0.161750093199454 0.0268087089791687 0.0193142410766967 0.0213244523453574
0.242235920833803 0.0466547505465955 0.0339523546460759 0.0364750753465518
0.203426841245544 0.035701705398484 0.026346530243662 0.0287083833316967
0.198911163281351 0.0357470190419082 0.0251551716621262 0.0281356282567325
0.151874071062177 0.024793803775338 0.0177259606423483 0.0200638707150536
0.247964755952238 0.0476866191904562 0.0346140614432116 0.0373534631168428
0.208610189150199 0.0365520086800879 0.0269143418160513 0.0294569929717101
0.242199335752997 0.0454249565219555 0.0325146269423033 0.0356641740050862
0.201332503786672 0.0343853819988188 0.0249937523926158 0.0277843563877639
0.240353513368858 0.0460809707185977 0.0335327592027744 0.0357912818564019
0.201150186831899 0.0351016856068478 0.025901628124925 0.0280143919184093
0.243707693093115 0.0469085160920614 0.0340748033818019 0.0368775844158453
0.204709425148992 0.0358909951747836 0.0264349294896742 0.029047668896495
0.239429698810983 0.0457239285689557 0.033107280477628 0.0357317724856287
0.199184010047473 0.0346464676931228 0.0254459178358086 0.0278476709951185
0.243982238521057 0.0467927359570692 0.0339120696631285 0.0365443306341674
0.204214454044952 0.03569400181046 0.0262406884521388 0.0286540417429718
0.226788562207903 0.0423520899333061 0.0302884453189764 0.0331188961625927
0.183522051195761 0.0311538432634066 0.0226181355066214 0.0250204204098974
0.206414039871983 0.0376833430444183 0.0267527192585599 0.0293454973901117
0.160004617503836 0.026566791871526 0.0191470053700298 0.0212882467973229
0.236312739363359 0.0449210528823609 0.0324755888593038 0.0351230095058591
0.195910032427648 0.0339284668377686 0.0248802008655357 0.0272900266560154
0.175252467860533 0.0305567550474034 0.0212992144472613 0.0233707885949514
0.123970663283076 0.0195969038762522 0.0138818106164708 0.0153996341863929
0.239842291652062 0.0460101163568035 0.0334147974374713 0.0359343587564526
0.200993463174663 0.0351175236138025 0.0258637942315018 0.0282389186484288
0.22718589198885 0.0426242935749175 0.0306152970392332 0.0336137937708267
0.18570077137451 0.0317138437827615 0.0231170512759031 0.0257545586112382
0.237356810597116 0.0451647320682817 0.032712776172517 0.0351064589263614
0.197000548878129 0.0340968351345832 0.0250491624461587 0.0272324720681119
0.217582755264255 0.0403400364548649 0.028736461612651 0.0318166991460876
0.173633412329822 0.02926714932209 0.0211668806495312 0.0237347349572537
0.216998220644349 0.0399959719389173 0.0285457326759975 0.0314256612080258
0.173462100730091 0.0290452010605872 0.0210462994760959 0.0234508156049032
0.241636304750006 0.0460896830991417 0.0333619818932074 0.0357618423101598
0.201432965365079 0.0350159306112133 0.0257133332498411 0.0279515358026684
0.261336880353705 0.050816749488584 0.0369164864529639 0.0397001027223899
0.224326477978362 0.0397679318842879 0.0293056256376043 0.0320060295954096
0.233257953085474 0.0441301083584995 0.031833061959688 0.0345821410872607
0.191757870812265 0.0330335351480111 0.0241735465965459 0.0266312427425351
0.245383934443387 0.0470193048629625 0.0340700935619319 0.0368787364037431
0.20559838086018 0.0359169220774468 0.0264057690509116 0.0289692722375076
0.26647299143306 0.0515271296180635 0.0371664686018065 0.0402290595829206
0.227896475207526 0.0401228112209029 0.0293793598088002 0.032237024964443
0.237053713774122 0.0450990032435134 0.0326499415618558 0.0352788740344864
0.196674550836434 0.0340328577634575 0.0249930156917296 0.027364287143954
0.217331092378347 0.0402387437033433 0.0286921056195173 0.0315511605767116
0.173096872447556 0.029130037976317 0.0210858139195028 0.0234710593227918
0.258708841731345 0.0498415077957424 0.0360793366447109 0.0389123445836251
0.221253194908196 0.0388473349936902 0.0285365391192008 0.0312108062578541
0.243726797099693 0.0466171290520176 0.0337323859088694 0.0365529949299978
0.203743656560225 0.0355204491976141 0.0260783904939638 0.028645376053343
0.235684394550944 0.0438467451938196 0.0312562000016023 0.0344265415121288
0.19355254970803 0.0327570503868647 0.0237175451392094 0.0264614744087326
0.222770675641954 0.0414368716067346 0.0296911800732877 0.032517125223312
0.180534352685882 0.0305557371860499 0.0222198709822387 0.0246690923092654
0.258651595150835 0.050060753697493 0.0363135146298403 0.0388741769457221
0.221603542551703 0.0390790845273787 0.0287612597184401 0.0312477219637811
0.256764247871087 0.0494902820459223 0.0358232882185429 0.0384388708807868
0.217965295012502 0.0382626432061766 0.0281031670161452 0.0305480522653012
0.256793503705666 0.0494718952162458 0.0358245995148263 0.0384950640734504
0.219314775592967 0.0384861681372047 0.0282799690322894 0.0307950783275884
0.238682066161866 0.0455279063977421 0.0329840017139506 0.0355775419307116
0.198936561088352 0.0345522948686304 0.0253885040624916 0.0277767083725718
0.220175499131454 0.0407878518418342 0.0291663244519034 0.0320206068804125
0.177532005322385 0.029920515032898 0.0217199093826128 0.0241461666774741
0.218597802778979 0.0405089768400675 0.0288601209111901 0.0319078568725317
0.174203835176574 0.0293370851250226 0.0212198769796648 0.0237532624020664
0.223272042709921 0.0418329491726815 0.0299954468869708 0.0327910013571026
0.18123508803383 0.030893996782324 0.0224798915138546 0.0248922112268504
0.197137412349013 0.0353943286305339 0.024919430444263 0.0275013030014709
0.147581521001269 0.0240650607877523 0.0172095167845274 0.0192259176338068
0.226233795938442 0.0425205671661417 0.0305385505543859 0.0332795347266443
0.184083214256396 0.0314679756187865 0.0229353153612469 0.0253344809473984
0.235037618376884 0.0446134738220584 0.0322311950069387 0.0349362196176113
0.19419347618606 0.0335537581502534 0.0245919297582116 0.027027192092179
0.242012154034642 0.0465214460750981 0.0338363968768419 0.0363656898636364
0.202812002288493 0.0354960643851258 0.0261792768546189 0.0285503766110338
0.218593734018027 0.0404650391213891 0.0288873322584047 0.0319382807719678
0.175548157225387 0.0295612182704725 0.0214213762566423 0.0240070031678848
0.231544239670497 0.0436621265840253 0.031387115792167 0.0344100224856177
0.189840977703756 0.0325757741489468 0.0237627265163233 0.0263950536957366
0.259424021910405 0.0502562064253829 0.0365101158041324 0.039049592758699
0.222037906168793 0.0391877931525315 0.0288798856797734 0.0313490295381691
0.221248486927374 0.0410895417844272 0.0294416706279184 0.032010682313308
0.178356886024636 0.0301303140861051 0.0219123843972329 0.0241246505191458
0.283184244271418 0.0565162338090269 0.0409266610597556 0.0442888331352966
0.243165642143659 0.0442061457635585 0.0324681129331827 0.035583692893127
0.269777963153162 0.0528531469177516 0.0379139488907597 0.0413142586470259
0.228250090780757 0.0406937821993423 0.0296167046869152 0.0327013358908318
0.286738590299395 0.0577183451062083 0.0419842575571055 0.0452404417304805
0.24845067820634 0.0455497938744947 0.0335957474720933 0.0367292461330969
0.234260250387095 0.043484442819028 0.0305275238123113 0.0335320529745563
0.186734289494749 0.0314897941412515 0.0224495099260399 0.0249531705171076
0.283410399093909 0.056716096248152 0.0411750434315416 0.0442250404048095
0.244006257483135 0.0444568384609533 0.032730027466021 0.0355808523709639
0.251078063710685 0.0478290194622007 0.033936143710814 0.0369864365127205
0.205114932094069 0.0355444622326331 0.0255994876049066 0.0282310169956082
0.288602348516771 0.0578846193372952 0.0420422505938143 0.0451623446647586
0.250056559589569 0.0456737905186905 0.0336398539532046 0.036632795763252
0.289004830822814 0.0572520970684331 0.0411659071739103 0.0445769204814468
0.249333140899104 0.0449578850276328 0.0328077327261987 0.0359788418261507
0.280116444152847 0.0555683781095353 0.040138914611975 0.0437468022683521
0.240157909645332 0.0433472806987491 0.031758763952216 0.03507952273917
0.253675317756807 0.0483610802897469 0.0343580149588325 0.0373826924614942
0.207801028941829 0.0360157379833593 0.025966787205697 0.0285836451425432
0.235854430886121 0.0439275698694846 0.0308061415311018 0.0339025470311976
0.18670952677949 0.0315696136712932 0.0224829328500395 0.0250228088185349
0.282709127214999 0.056142003441718 0.0404904609551248 0.0441561262302351
0.242383767894663 0.0438413275497591 0.0320749322336656 0.0354423093495114
0.279906327932056 0.0539872580004595 0.038318013545784 0.0416909403849934
0.234982822019702 0.0412062920296926 0.0296980580405937 0.0327174687721715
0.284767437755787 0.0559647669983169 0.0400405668651831 0.0439190829309089
0.243948922947881 0.0436205316228957 0.031683536787332 0.0352059470693402
0.300612206800366 0.0608031068459381 0.0442369945403184 0.0469634432500574
0.263370218648542 0.048545093512724 0.0358206006126183 0.0385256548961945
0.278618598497975 0.0551948703424288 0.0398131959144729 0.0434563259057213
0.237724720224769 0.0428648559885145 0.0313621598797723 0.0346751621598377
0.29796478864795 0.0596475282328654 0.0431263787210467 0.0466494696138704
0.259179282880299 0.0472608646253586 0.0346734309077838 0.0379953809882082
0.265898683526309 0.0516406220378556 0.036871186137134 0.0407117501020643
0.222841898596515 0.0393447824566623 0.0285100181775125 0.031876490200954
0.281112490318416 0.0559643561095976 0.040568796220126 0.0437915093189904
0.241282110893733 0.0437063698423418 0.0321299344524331 0.0351140025351944
0.282724855043451 0.0563331334509086 0.0408201781688912 0.0438972501445992
0.242857052157244 0.0440774922148335 0.0323896123724763 0.0352938780290078
0.233486624725427 0.0431824995912456 0.0302831488938956 0.0330907540013894
0.184826330206299 0.0310234906316955 0.0220963728170994 0.0244071251788453
0.273432080619678 0.0538794929565015 0.0387717166323884 0.0424180419121521
0.232709186889104 0.0416780968608165 0.03042344098322 0.0337400163430953
0.230241419400689 0.0425354152108015 0.0296991249830005 0.0328004014381075
0.179614046941068 0.0301033994577372 0.0213508847065484 0.0238405739298151
0.283734254079591 0.0567570124220303 0.0412296212337242 0.0441471657527502
0.244785541256013 0.0446153313201925 0.0328632053913172 0.0356785507920041
0.256085947172097 0.0487956481627232 0.034635415435518 0.0376599096677087
0.210030408266559 0.0363977793067952 0.0262257817991764 0.02883123267128
0.279895705627697 0.054470154164628 0.038849891467488 0.0427045371671505
0.238795569771078 0.042280303268954 0.0306248365432007 0.0340806896227052
0.300825584194397 0.0605845321626135 0.0439072823003048 0.0472458238976469
0.262916204124162 0.0482943485391128 0.0355108328735928 0.038731734409762
0.265983818152856 0.0515546998983426 0.0369391229077479 0.0400882531153517
0.223602612042447 0.0394397732275294 0.0286793682927776 0.031480873783886
0.270473855132211 0.052974438451824 0.0380519173387552 0.0417539452133919
0.229869494457744 0.0409576898361711 0.0298512906366354 0.0332055229791348
0.273467015025436 0.0534094840801854 0.0383085070760567 0.0417828780678749
0.2321997885693 0.0412690006026288 0.0300444289626675 0.0331642692615972
0.286233681519702 0.0571520972880479 0.0413785358840903 0.0445674673950271
0.246946529331063 0.0448986618785026 0.0329692853495245 0.0359791948710716
0.271267728450784 0.0523290711683101 0.0372588044733076 0.0406228758661604
0.226745866905677 0.0398051207492668 0.0287665140475648 0.0317717744465777
0.269675118492526 0.0528900622928688 0.0379202008235855 0.041560919194772
0.228102150635083 0.040712777442564 0.0296186214058864 0.0328914121623272
0.286773151059357 0.0563608922625134 0.0404802203455659 0.0439013724524675
0.247302541042828 0.044248473841308 0.0322637060390968 0.0354151092774043
0.276097748417107 0.0542925601876696 0.038986528089139 0.0425958817570771
0.235419340207083 0.0421219041102731 0.0306964037039332 0.0339717503075746
0.264913269019631 0.0512664168636134 0.0366223729989356 0.0401732130196326
0.222487912625877 0.0391595996658513 0.0283916333657329 0.0315023763651877
0.27292612417982 0.0533484576202355 0.0382203678939665 0.0416587583043065
0.230741023578881 0.0410168644162742 0.0298281296978584 0.0328667904871157
0.261074929583899 0.0501630652907598 0.0357582653306719 0.0390743225506606
0.217556230361181 0.0379899631376267 0.0274917928488386 0.0303653908197129
0.283298025785565 0.0566127101471791 0.0410563381201221 0.0445028686632418
0.243788878781756 0.0443349529259252 0.0326077949504058 0.0358355388290535
0.268324656627951 0.0523412405100925 0.0374735336141357 0.040903551490516
0.226548649738689 0.0401953656014582 0.0292026342322226 0.0322736932209985
0.259317030776776 0.0483460993985398 0.0339438380849373 0.0371361363627469
0.213147279076713 0.0360974234978403 0.0257559644896142 0.0285246047987379
0.269754680109226 0.0529052153033861 0.0379908105717425 0.041389940892321
0.228573463688047 0.0407826343514487 0.0297097549717642 0.0328007195986711
0.283031177896479 0.0566502079919737 0.0411773923002285 0.0439218007031101
0.243600799473851 0.0444052813598072 0.0327259820853949 0.0353658081179101
0.264523203987934 0.051246323801439 0.0366557844447759 0.0401399523222091
0.221914402852924 0.0390999207383111 0.0283858646430538 0.0314757286731025
0.230480846361005 0.0426366650024954 0.0298051071463845 0.0325549032381304
0.180637992901171 0.0303415678666434 0.0215408860335402 0.0237798018533388
0.253259751341142 0.0484100734557326 0.0343821591979207 0.0375582086922398
0.208090629317943 0.0362066222540301 0.026100247759652 0.0288723144028311
0.266196415053333 0.0517206000918106 0.0369363450289191 0.0403637844777636
0.223136289739036 0.0394145927173042 0.0285672157284516 0.0315796015533413
0.272206078673822 0.0532589533026482 0.0381551805211338 0.0415861052824998
0.230274661205702 0.0409681673354024 0.0297841491460658 0.032859098542201
0.25549093503367 0.0487349037840033 0.0345840542831881 0.0376461829956705
0.209338086254687 0.0363127657378788 0.0261526363394502 0.0288177009004183
0.29070802203802 0.0585847806390214 0.0426112598264177 0.0459805657733953
0.252595992703901 0.0463629425002939 0.0341976353880678 0.0374181110969246
0.284146250430811 0.0569556180153316 0.0413461067622076 0.0447571385081229
0.24525116874486 0.0448036207923046 0.0329755586529901 0.0362143002751168
0.269081930133992 0.0527162817959083 0.03784654419163 0.041125887270499
0.227595736202654 0.0405900403280186 0.0295670071109125 0.0325429806291828
0.251805291458662 0.0478702861483936 0.0339368266765251 0.0369215097388981
0.205300887533237 0.035494871299327 0.0255425672558251 0.0281288767397383
0.284771137008496 0.0566340340654717 0.0409276241660609 0.0444261513616181
0.244686857532638 0.0443108594730565 0.0324877395325314 0.0357267260034125
0.27847579291606 0.0553287126816651 0.040010100678575 0.0433553291164029
0.238321509602342 0.0431012979816152 0.0316112196615052 0.0346863994613914
0.271137181013106 0.0531137396902716 0.0381801092090591 0.041839419821515
0.230314406666394 0.0410324492580934 0.0299236579542611 0.0332374115136982
0.256677739069519 0.0490352750625615 0.0348367346651216 0.0379071518360432
0.210759803158209 0.0366395482926873 0.0264205019469609 0.0290911468921317
0.285537853895801 0.0574819275619442 0.0418653068339673 0.0448881640109909
0.24721734883977 0.0453480564899097 0.0334855981652465 0.0363936247544629
0.247519825182714 0.0466717499706742 0.0328783192248825 0.0366695376624745
0.201585229875126 0.0345290671091765 0.0247054426352138 0.0278784413086826
0.290983343263836 0.05849477374297 0.0424968463338283 0.0457662828942197
0.252145703165302 0.0461798206909114 0.0340256103431352 0.0371428580496686
0.286382808512289 0.0562293896569904 0.0402935887302278 0.0440900187735437
0.246196944035043 0.0440267338167956 0.0320286503104501 0.0355035533893452
0.284001875419102 0.0569200133427877 0.0414520116013471 0.0441490847188028
0.245288469157138 0.0447526849787017 0.0330423500894607 0.0356403804261713
0.28703565818436 0.0577526571844213 0.041988483117272 0.0453463953989777
0.248452901805389 0.0455357911540867 0.0335602807094817 0.0367803879083033
0.283151839771798 0.0565494643340183 0.0409833179902333 0.0441379998378909
0.243530127853446 0.0442978909406823 0.0325561065061577 0.0355347494693165
0.287302483515787 0.0575986649981413 0.0417795573132205 0.0449384650910686
0.248039379586939 0.0453168384035145 0.033336928741459 0.0363129521476527
0.272280293470692 0.0532283404769998 0.038102080344473 0.0415692655950104
0.229897434003466 0.0408504574255664 0.0296788008441332 0.0327389439350593
0.254207721791839 0.0486607754344358 0.0345851335114868 0.0378417787992556
0.20904879351772 0.0364057206288703 0.0262616319195831 0.0291124636674596
0.280516953975176 0.0557778607799752 0.0403594642440383 0.0435507727792718
0.240676251552819 0.0435996294994407 0.0319924880538833 0.0349946622570472
0.226734460078527 0.0415557327408541 0.0290025158537197 0.0317500147473246
0.177059502677687 0.0294332500039225 0.0208703551417417 0.0230891361014146
0.283526684275871 0.0568602284134762 0.0413304860264682 0.0443460646751378
0.245207644750083 0.0447924863999485 0.0330111782843421 0.0359429378197819
0.272232669374268 0.0534699037540821 0.0384429578908171 0.0421071572230691
0.23149272081809 0.0413826042300293 0.0301871690137557 0.0335357731938721
0.281465268871243 0.0560181385324992 0.0406076909865578 0.0434966475633282
0.241725117553852 0.0437657744105589 0.032172536578113 0.0348866745295808
0.263914508131693 0.0512433664519153 0.036539813104073 0.0403518905444823
0.220850097744032 0.038986110892374 0.0282163250876219 0.0315483346841901
0.263501133541729 0.050888125268301 0.036354382953469 0.0399320253623306
0.220831970129346 0.0387491669594732 0.0280982201175452 0.0312271296604325
0.285295399565818 0.0569049126346209 0.0412267874651777 0.0440999456135079
0.245672887463899 0.0446552475104201 0.0328133345326067 0.0355735173400999
0.303185618707452 0.061589431585394 0.0447850562606004 0.0480611420833829
0.266503877616726 0.0493727755422783 0.0364100748083122 0.0396615479409318
0.277807978174683 0.0549840137281337 0.039698510200873 0.0430258466861799
0.23693044066793 0.0427024010949929 0.031270129866997 0.0343550925291944
0.288642416015267 0.0578203062017218 0.0419330188623431 0.0452916802673222
0.249409423920495 0.0455468765855084 0.0335066301340404 0.0366644046656353
0.308933986727595 0.0623987305396332 0.0450539247817402 0.0486699864864311
0.27047452455909 0.0497699885239681 0.0364720524201156 0.0399214783090683
0.281232652600058 0.0559619723160555 0.0405482214553573 0.0437211273906039
0.241506857883677 0.0437195185037699 0.0321258772740374 0.0350873556530853
0.263818885079437 0.05115841774999 0.0365127835956644 0.0400469390510935
0.220450262224201 0.0388572681087218 0.0281461759269598 0.0312345898314332
0.301152201347979 0.0606429394668673 0.0439413189685211 0.0472859533751059
0.264145539740617 0.0484988174271169 0.0356528448332784 0.0388920397875419
0.287165839855904 0.057430077315242 0.0415930261920628 0.0449730399916545
0.247792164049843 0.0451659237286316 0.0331816345758229 0.0363523027675075
0.280809192867736 0.0547103077729261 0.0390456494680509 0.0429051895374218
0.239298573597464 0.0424302601569227 0.0307480051197034 0.0342147648469033
0.268519792382914 0.0523101104617106 0.0375176555503984 0.0410032133989493
0.22702812796833 0.0402450636587585 0.0292863574882972 0.032432310288697
0.300848190825359 0.0608487540445668 0.0441817202382911 0.0472008993964711
0.26424575448434 0.0487145810360787 0.0358792490441769 0.0388824176472733
0.299166315550952 0.0602671992633011 0.0436662323436728 0.0467624136791884
0.260866433937434 0.0478807981039537 0.0351940944409903 0.0381558356701254
0.299358550466023 0.0602871188640029 0.0436978711699156 0.0468581907530634
0.262401203924434 0.0481565714952542 0.035411311440741 0.0384610242725267
0.282647372845014 0.0563801857822236 0.04088185329106 0.0439966222697054
0.24350440689912 0.0442334676062085 0.0325232700149144 0.0354860516402623
0.266239060130621 0.0516721388484872 0.036984485493761 0.0405114205033908
0.224484118436506 0.039635915255545 0.0287935068210319 0.0319222045546273
0.264916564908319 0.0514158187441029 0.0366666777057536 0.0404383296206556
0.221427412282288 0.0390550502293189 0.0282694228279744 0.0315532298710508
0.268785756956114 0.0527114571544883 0.0378296344034331 0.0412616121888744
0.22742180487156 0.0405738157711799 0.0295430021255629 0.0326233034669027
0.24631472676332 0.0464212709371375 0.0327229002865388 0.036023353975577
0.198248159657158 0.0339459629393421 0.0242980907899942 0.0270659376771485
0.271390410036896 0.0533882324426095 0.0383793483528021 0.041727228610606
0.230083151190538 0.0411584109548567 0.0300188757711983 0.0330666478641378
0.279417528482714 0.0554748018520552 0.0401140749801766 0.0433770273633807
0.23917372548162 0.0432297176505989 0.0317047444610875 0.0347493987874476
0.28535062966301 0.0573359714768401 0.0417376489636964 0.0447561897189142
0.246662844807299 0.0451252083795631 0.0333018222877027 0.0362153128089604
0.264856034937674 0.0513597785265453 0.0367023101415406 0.0404862459184834
0.22250700320853 0.0392531046517479 0.0284656040554857 0.0318198407160682
0.27642343318539 0.0545457259588678 0.0392490103634349 0.0429255470576688
0.235442464639367 0.0422829015012535 0.0308659619085234 0.03419202197387
0.301596883116873 0.0610474502016722 0.0443906045992902 0.0473715369492516
0.264589545525988 0.0488137471801592 0.0359991203614365 0.0389699148019357
0.267141652492404 0.0519581134676336 0.0372645594170994 0.040423501911304
0.225007701413324 0.0398097507875268 0.0289731287531659 0.0318073071081641
